-- phpMyAdmin SQL Dump
-- version 5.2.1
-- https://www.phpmyadmin.net/
--
-- Host: 127.0.0.1
-- Generation Time: Jul 05, 2023 at 06:47 PM
-- Server version: 10.4.28-MariaDB
-- PHP Version: 8.0.28

SET SQL_MODE = "NO_AUTO_VALUE_ON_ZERO";
START TRANSACTION;
SET time_zone = "+00:00";


/*!40101 SET @OLD_CHARACTER_SET_CLIENT=@@CHARACTER_SET_CLIENT */;
/*!40101 SET @OLD_CHARACTER_SET_RESULTS=@@CHARACTER_SET_RESULTS */;
/*!40101 SET @OLD_COLLATION_CONNECTION=@@COLLATION_CONNECTION */;
/*!40101 SET NAMES utf8mb4 */;

--
-- Database: `db_docs`
--

-- --------------------------------------------------------

--
-- Table structure for table `admin_permissions`
--

CREATE TABLE `admin_permissions` (
  `id` int(10) UNSIGNED NOT NULL,
  `action` varchar(255) DEFAULT NULL,
  `subject` varchar(255) DEFAULT NULL,
  `properties` longtext CHARACTER SET utf8mb4 COLLATE utf8mb4_bin DEFAULT NULL CHECK (json_valid(`properties`)),
  `conditions` longtext CHARACTER SET utf8mb4 COLLATE utf8mb4_bin DEFAULT NULL CHECK (json_valid(`conditions`)),
  `created_at` datetime(6) DEFAULT NULL,
  `updated_at` datetime(6) DEFAULT NULL,
  `created_by_id` int(10) UNSIGNED DEFAULT NULL,
  `updated_by_id` int(10) UNSIGNED DEFAULT NULL
) ENGINE=InnoDB DEFAULT CHARSET=utf8mb4 COLLATE=utf8mb4_general_ci;

--
-- Dumping data for table `admin_permissions`
--

INSERT INTO `admin_permissions` (`id`, `action`, `subject`, `properties`, `conditions`, `created_at`, `updated_at`, `created_by_id`, `updated_by_id`) VALUES
(1, 'plugin::upload.read', NULL, '{}', '[]', '2023-06-17 15:54:15.043000', '2023-06-17 15:54:15.043000', NULL, NULL),
(2, 'plugin::upload.configure-view', NULL, '{}', '[]', '2023-06-17 15:54:15.057000', '2023-06-17 15:54:15.057000', NULL, NULL),
(3, 'plugin::upload.assets.create', NULL, '{}', '[]', '2023-06-17 15:54:15.100000', '2023-06-17 15:54:15.100000', NULL, NULL),
(4, 'plugin::upload.assets.update', NULL, '{}', '[]', '2023-06-17 15:54:15.110000', '2023-06-17 15:54:15.110000', NULL, NULL),
(5, 'plugin::upload.assets.download', NULL, '{}', '[]', '2023-06-17 15:54:15.120000', '2023-06-17 15:54:15.120000', NULL, NULL),
(6, 'plugin::upload.assets.copy-link', NULL, '{}', '[]', '2023-06-17 15:54:15.131000', '2023-06-17 15:54:15.131000', NULL, NULL),
(7, 'plugin::upload.read', NULL, '{}', '[\"admin::is-creator\"]', '2023-06-17 15:54:15.144000', '2023-06-17 15:54:15.144000', NULL, NULL),
(8, 'plugin::upload.configure-view', NULL, '{}', '[]', '2023-06-17 15:54:15.163000', '2023-06-17 15:54:15.163000', NULL, NULL),
(9, 'plugin::upload.assets.create', NULL, '{}', '[]', '2023-06-17 15:54:15.183000', '2023-06-17 15:54:15.183000', NULL, NULL),
(10, 'plugin::upload.assets.update', NULL, '{}', '[\"admin::is-creator\"]', '2023-06-17 15:54:15.201000', '2023-06-17 15:54:15.201000', NULL, NULL),
(11, 'plugin::upload.assets.download', NULL, '{}', '[]', '2023-06-17 15:54:15.220000', '2023-06-17 15:54:15.220000', NULL, NULL),
(12, 'plugin::upload.assets.copy-link', NULL, '{}', '[]', '2023-06-17 15:54:15.236000', '2023-06-17 15:54:15.236000', NULL, NULL),
(16, 'plugin::content-manager.explorer.delete', 'plugin::users-permissions.user', '{}', '[]', '2023-06-17 15:54:15.324000', '2023-06-17 15:54:15.324000', NULL, NULL),
(17, 'plugin::content-manager.single-types.configure-view', NULL, '{}', '[]', '2023-06-17 15:54:15.334000', '2023-06-17 15:54:15.334000', NULL, NULL),
(18, 'plugin::content-manager.collection-types.configure-view', NULL, '{}', '[]', '2023-06-17 15:54:15.345000', '2023-06-17 15:54:15.345000', NULL, NULL),
(19, 'plugin::content-manager.components.configure-layout', NULL, '{}', '[]', '2023-06-17 15:54:15.354000', '2023-06-17 15:54:15.354000', NULL, NULL),
(20, 'plugin::content-type-builder.read', NULL, '{}', '[]', '2023-06-17 15:54:15.365000', '2023-06-17 15:54:15.365000', NULL, NULL),
(21, 'plugin::email.settings.read', NULL, '{}', '[]', '2023-06-17 15:54:15.377000', '2023-06-17 15:54:15.377000', NULL, NULL),
(22, 'plugin::upload.read', NULL, '{}', '[]', '2023-06-17 15:54:15.387000', '2023-06-17 15:54:15.387000', NULL, NULL),
(23, 'plugin::upload.assets.create', NULL, '{}', '[]', '2023-06-17 15:54:15.396000', '2023-06-17 15:54:15.396000', NULL, NULL),
(24, 'plugin::upload.assets.update', NULL, '{}', '[]', '2023-06-17 15:54:15.404000', '2023-06-17 15:54:15.404000', NULL, NULL),
(25, 'plugin::upload.assets.download', NULL, '{}', '[]', '2023-06-17 15:54:15.415000', '2023-06-17 15:54:15.415000', NULL, NULL),
(26, 'plugin::upload.assets.copy-link', NULL, '{}', '[]', '2023-06-17 15:54:15.423000', '2023-06-17 15:54:15.423000', NULL, NULL),
(27, 'plugin::upload.configure-view', NULL, '{}', '[]', '2023-06-17 15:54:15.433000', '2023-06-17 15:54:15.433000', NULL, NULL),
(28, 'plugin::upload.settings.read', NULL, '{}', '[]', '2023-06-17 15:54:15.450000', '2023-06-17 15:54:15.450000', NULL, NULL),
(29, 'plugin::users-permissions.roles.create', NULL, '{}', '[]', '2023-06-17 15:54:15.459000', '2023-06-17 15:54:15.459000', NULL, NULL),
(30, 'plugin::users-permissions.roles.read', NULL, '{}', '[]', '2023-06-17 15:54:15.467000', '2023-06-17 15:54:15.467000', NULL, NULL),
(31, 'plugin::users-permissions.roles.update', NULL, '{}', '[]', '2023-06-17 15:54:15.476000', '2023-06-17 15:54:15.476000', NULL, NULL),
(32, 'plugin::users-permissions.roles.delete', NULL, '{}', '[]', '2023-06-17 15:54:15.488000', '2023-06-17 15:54:15.488000', NULL, NULL),
(33, 'plugin::users-permissions.providers.read', NULL, '{}', '[]', '2023-06-17 15:54:15.498000', '2023-06-17 15:54:15.498000', NULL, NULL),
(34, 'plugin::users-permissions.providers.update', NULL, '{}', '[]', '2023-06-17 15:54:15.508000', '2023-06-17 15:54:15.508000', NULL, NULL),
(35, 'plugin::users-permissions.email-templates.read', NULL, '{}', '[]', '2023-06-17 15:54:15.521000', '2023-06-17 15:54:15.521000', NULL, NULL),
(36, 'plugin::users-permissions.email-templates.update', NULL, '{}', '[]', '2023-06-17 15:54:15.533000', '2023-06-17 15:54:15.533000', NULL, NULL),
(37, 'plugin::users-permissions.advanced-settings.read', NULL, '{}', '[]', '2023-06-17 15:54:15.544000', '2023-06-17 15:54:15.544000', NULL, NULL),
(38, 'plugin::users-permissions.advanced-settings.update', NULL, '{}', '[]', '2023-06-17 15:54:15.554000', '2023-06-17 15:54:15.554000', NULL, NULL),
(39, 'plugin::i18n.locale.create', NULL, '{}', '[]', '2023-06-17 15:54:15.563000', '2023-06-17 15:54:15.563000', NULL, NULL),
(40, 'plugin::i18n.locale.read', NULL, '{}', '[]', '2023-06-17 15:54:15.575000', '2023-06-17 15:54:15.575000', NULL, NULL),
(41, 'plugin::i18n.locale.update', NULL, '{}', '[]', '2023-06-17 15:54:15.586000', '2023-06-17 15:54:15.586000', NULL, NULL),
(42, 'plugin::i18n.locale.delete', NULL, '{}', '[]', '2023-06-17 15:54:15.597000', '2023-06-17 15:54:15.597000', NULL, NULL),
(43, 'admin::marketplace.read', NULL, '{}', '[]', '2023-06-17 15:54:15.608000', '2023-06-17 15:54:15.608000', NULL, NULL),
(44, 'admin::webhooks.create', NULL, '{}', '[]', '2023-06-17 15:54:15.621000', '2023-06-17 15:54:15.621000', NULL, NULL),
(45, 'admin::webhooks.read', NULL, '{}', '[]', '2023-06-17 15:54:15.635000', '2023-06-17 15:54:15.635000', NULL, NULL),
(46, 'admin::webhooks.update', NULL, '{}', '[]', '2023-06-17 15:54:15.646000', '2023-06-17 15:54:15.646000', NULL, NULL),
(47, 'admin::webhooks.delete', NULL, '{}', '[]', '2023-06-17 15:54:15.656000', '2023-06-17 15:54:15.656000', NULL, NULL),
(48, 'admin::users.create', NULL, '{}', '[]', '2023-06-17 15:54:15.666000', '2023-06-17 15:54:15.666000', NULL, NULL),
(49, 'admin::users.read', NULL, '{}', '[]', '2023-06-17 15:54:15.677000', '2023-06-17 15:54:15.677000', NULL, NULL),
(50, 'admin::users.update', NULL, '{}', '[]', '2023-06-17 15:54:15.688000', '2023-06-17 15:54:15.688000', NULL, NULL),
(51, 'admin::users.delete', NULL, '{}', '[]', '2023-06-17 15:54:15.697000', '2023-06-17 15:54:15.697000', NULL, NULL),
(52, 'admin::roles.create', NULL, '{}', '[]', '2023-06-17 15:54:15.707000', '2023-06-17 15:54:15.707000', NULL, NULL),
(53, 'admin::roles.read', NULL, '{}', '[]', '2023-06-17 15:54:15.717000', '2023-06-17 15:54:15.717000', NULL, NULL),
(54, 'admin::roles.update', NULL, '{}', '[]', '2023-06-17 15:54:15.728000', '2023-06-17 15:54:15.728000', NULL, NULL),
(55, 'admin::roles.delete', NULL, '{}', '[]', '2023-06-17 15:54:15.737000', '2023-06-17 15:54:15.737000', NULL, NULL),
(56, 'admin::api-tokens.access', NULL, '{}', '[]', '2023-06-17 15:54:15.754000', '2023-06-17 15:54:15.754000', NULL, NULL),
(57, 'admin::api-tokens.create', NULL, '{}', '[]', '2023-06-17 15:54:15.770000', '2023-06-17 15:54:15.770000', NULL, NULL),
(58, 'admin::api-tokens.read', NULL, '{}', '[]', '2023-06-17 15:54:15.780000', '2023-06-17 15:54:15.780000', NULL, NULL),
(59, 'admin::api-tokens.update', NULL, '{}', '[]', '2023-06-17 15:54:15.791000', '2023-06-17 15:54:15.791000', NULL, NULL),
(60, 'admin::api-tokens.regenerate', NULL, '{}', '[]', '2023-06-17 15:54:15.801000', '2023-06-17 15:54:15.801000', NULL, NULL),
(61, 'admin::api-tokens.delete', NULL, '{}', '[]', '2023-06-17 15:54:15.811000', '2023-06-17 15:54:15.811000', NULL, NULL),
(62, 'admin::project-settings.update', NULL, '{}', '[]', '2023-06-17 15:54:15.820000', '2023-06-17 15:54:15.820000', NULL, NULL),
(63, 'admin::project-settings.read', NULL, '{}', '[]', '2023-06-17 15:54:15.836000', '2023-06-17 15:54:15.836000', NULL, NULL),
(64, 'admin::transfer.tokens.access', NULL, '{}', '[]', '2023-06-17 15:54:15.846000', '2023-06-17 15:54:15.846000', NULL, NULL),
(65, 'admin::transfer.tokens.create', NULL, '{}', '[]', '2023-06-17 15:54:15.855000', '2023-06-17 15:54:15.855000', NULL, NULL),
(66, 'admin::transfer.tokens.read', NULL, '{}', '[]', '2023-06-17 15:54:15.864000', '2023-06-17 15:54:15.864000', NULL, NULL),
(67, 'admin::transfer.tokens.update', NULL, '{}', '[]', '2023-06-17 15:54:15.871000', '2023-06-17 15:54:15.871000', NULL, NULL),
(68, 'admin::transfer.tokens.regenerate', NULL, '{}', '[]', '2023-06-17 15:54:15.880000', '2023-06-17 15:54:15.880000', NULL, NULL),
(69, 'admin::transfer.tokens.delete', NULL, '{}', '[]', '2023-06-17 15:54:15.889000', '2023-06-17 15:54:15.889000', NULL, NULL),
(73, 'plugin::content-manager.explorer.delete', 'api::patient.patient', '{}', '[]', '2023-06-17 16:16:30.789000', '2023-06-17 16:16:30.789000', NULL, NULL),
(74, 'plugin::content-manager.explorer.create', 'plugin::users-permissions.user', '{\"fields\":[\"username\",\"email\",\"provider\",\"password\",\"resetPasswordToken\",\"confirmationToken\",\"confirmed\",\"blocked\",\"role\",\"usertype\"]}', '[]', '2023-06-30 14:32:44.097000', '2023-06-30 14:32:44.097000', NULL, NULL),
(75, 'plugin::content-manager.explorer.read', 'plugin::users-permissions.user', '{\"fields\":[\"username\",\"email\",\"provider\",\"password\",\"resetPasswordToken\",\"confirmationToken\",\"confirmed\",\"blocked\",\"role\",\"usertype\"]}', '[]', '2023-06-30 14:32:44.110000', '2023-06-30 14:32:44.110000', NULL, NULL),
(76, 'plugin::content-manager.explorer.update', 'plugin::users-permissions.user', '{\"fields\":[\"username\",\"email\",\"provider\",\"password\",\"resetPasswordToken\",\"confirmationToken\",\"confirmed\",\"blocked\",\"role\",\"usertype\"]}', '[]', '2023-06-30 14:32:44.119000', '2023-06-30 14:32:44.119000', NULL, NULL),
(77, 'plugin::content-manager.explorer.create', 'api::patient.patient', '{\"fields\":[\"patient_name\",\"patient_email\",\"patient_age\",\"userid\"]}', '[]', '2023-07-01 14:31:59.309000', '2023-07-01 14:31:59.309000', NULL, NULL),
(78, 'plugin::content-manager.explorer.read', 'api::patient.patient', '{\"fields\":[\"patient_name\",\"patient_email\",\"patient_age\",\"userid\"]}', '[]', '2023-07-01 14:31:59.324000', '2023-07-01 14:31:59.324000', NULL, NULL),
(79, 'plugin::content-manager.explorer.update', 'api::patient.patient', '{\"fields\":[\"patient_name\",\"patient_email\",\"patient_age\",\"userid\"]}', '[]', '2023-07-01 14:31:59.337000', '2023-07-01 14:31:59.337000', NULL, NULL),
(83, 'plugin::content-manager.explorer.delete', 'api::doctor.doctor', '{}', '[]', '2023-07-01 15:29:32.446000', '2023-07-01 15:29:32.446000', NULL, NULL),
(84, 'plugin::content-manager.explorer.publish', 'api::doctor.doctor', '{}', '[]', '2023-07-01 15:29:32.454000', '2023-07-01 15:29:32.454000', NULL, NULL),
(91, 'plugin::content-manager.explorer.publish', 'api::patient.patient', '{}', '[]', '2023-07-02 19:32:30.907000', '2023-07-02 19:32:30.907000', NULL, NULL),
(92, 'plugin::content-manager.explorer.create', 'api::doctor.doctor', '{\"fields\":[\"doctor_name\",\"doctor_email\",\"userid\",\"specl\"]}', '[]', '2023-07-05 20:00:57.417000', '2023-07-05 20:00:57.417000', NULL, NULL),
(93, 'plugin::content-manager.explorer.read', 'api::doctor.doctor', '{\"fields\":[\"doctor_name\",\"doctor_email\",\"userid\",\"specl\"]}', '[]', '2023-07-05 20:00:57.427000', '2023-07-05 20:00:57.427000', NULL, NULL),
(94, 'plugin::content-manager.explorer.update', 'api::doctor.doctor', '{\"fields\":[\"doctor_name\",\"doctor_email\",\"userid\",\"specl\"]}', '[]', '2023-07-05 20:00:57.438000', '2023-07-05 20:00:57.438000', NULL, NULL),
(95, 'plugin::content-manager.explorer.create', 'api::appointment.appointment', '{\"fields\":[\"symptoms\",\"desc\",\"aptstatus\",\"aptdate\",\"patientid\",\"doctorid\",\"diagnosis\",\"commentsbydoc\",\"presc\"]}', '[]', '2023-07-05 20:06:02.272000', '2023-07-05 20:06:02.272000', NULL, NULL),
(96, 'plugin::content-manager.explorer.read', 'api::appointment.appointment', '{\"fields\":[\"symptoms\",\"desc\",\"aptstatus\",\"aptdate\",\"patientid\",\"doctorid\",\"diagnosis\",\"commentsbydoc\",\"presc\"]}', '[]', '2023-07-05 20:06:02.284000', '2023-07-05 20:06:02.284000', NULL, NULL),
(97, 'plugin::content-manager.explorer.update', 'api::appointment.appointment', '{\"fields\":[\"symptoms\",\"desc\",\"aptstatus\",\"aptdate\",\"patientid\",\"doctorid\",\"diagnosis\",\"commentsbydoc\",\"presc\"]}', '[]', '2023-07-05 20:06:02.291000', '2023-07-05 20:06:02.291000', NULL, NULL),
(98, 'plugin::content-manager.explorer.delete', 'api::appointment.appointment', '{}', '[]', '2023-07-05 20:06:02.301000', '2023-07-05 20:06:02.301000', NULL, NULL),
(99, 'plugin::content-manager.explorer.publish', 'api::appointment.appointment', '{}', '[]', '2023-07-05 20:06:02.308000', '2023-07-05 20:06:02.308000', NULL, NULL);

-- --------------------------------------------------------

--
-- Table structure for table `admin_permissions_role_links`
--

CREATE TABLE `admin_permissions_role_links` (
  `id` int(10) UNSIGNED NOT NULL,
  `permission_id` int(10) UNSIGNED DEFAULT NULL,
  `role_id` int(10) UNSIGNED DEFAULT NULL,
  `permission_order` double UNSIGNED DEFAULT NULL
) ENGINE=InnoDB DEFAULT CHARSET=utf8mb4 COLLATE=utf8mb4_general_ci;

--
-- Dumping data for table `admin_permissions_role_links`
--

INSERT INTO `admin_permissions_role_links` (`id`, `permission_id`, `role_id`, `permission_order`) VALUES
(1, 1, 2, 1),
(2, 2, 2, 2),
(3, 3, 2, 3),
(4, 4, 2, 4),
(5, 5, 2, 5),
(6, 6, 2, 6),
(7, 7, 3, 1),
(8, 8, 3, 2),
(9, 9, 3, 3),
(10, 10, 3, 4),
(11, 11, 3, 5),
(12, 12, 3, 6),
(16, 16, 1, 4),
(17, 17, 1, 5),
(18, 18, 1, 6),
(19, 19, 1, 7),
(20, 20, 1, 8),
(21, 21, 1, 9),
(22, 22, 1, 10),
(23, 23, 1, 11),
(24, 24, 1, 12),
(25, 25, 1, 13),
(26, 26, 1, 14),
(27, 27, 1, 15),
(28, 28, 1, 16),
(29, 29, 1, 17),
(30, 30, 1, 18),
(31, 31, 1, 19),
(32, 32, 1, 20),
(33, 33, 1, 21),
(34, 34, 1, 22),
(35, 35, 1, 23),
(36, 36, 1, 24),
(37, 37, 1, 25),
(38, 38, 1, 26),
(39, 39, 1, 27),
(40, 40, 1, 28),
(41, 41, 1, 29),
(42, 42, 1, 30),
(43, 43, 1, 31),
(44, 44, 1, 32),
(45, 45, 1, 33),
(46, 46, 1, 34),
(47, 47, 1, 35),
(48, 48, 1, 36),
(49, 49, 1, 37),
(50, 50, 1, 38),
(51, 51, 1, 39),
(52, 52, 1, 40),
(53, 53, 1, 41),
(54, 54, 1, 42),
(55, 55, 1, 43),
(56, 56, 1, 44),
(57, 57, 1, 45),
(58, 58, 1, 46),
(59, 59, 1, 47),
(60, 60, 1, 48),
(61, 61, 1, 49),
(62, 62, 1, 50),
(63, 63, 1, 51),
(64, 64, 1, 52),
(65, 65, 1, 53),
(66, 66, 1, 54),
(67, 67, 1, 55),
(68, 68, 1, 56),
(69, 69, 1, 57),
(73, 73, 1, 61),
(74, 74, 1, 62),
(75, 75, 1, 63),
(76, 76, 1, 64),
(77, 77, 1, 65),
(78, 78, 1, 66),
(79, 79, 1, 67),
(83, 83, 1, 71),
(84, 84, 1, 72),
(91, 91, 1, 76),
(92, 92, 1, 77),
(93, 93, 1, 78),
(94, 94, 1, 79),
(95, 95, 1, 80),
(96, 96, 1, 81),
(97, 97, 1, 82),
(98, 98, 1, 83),
(99, 99, 1, 84);

-- --------------------------------------------------------

--
-- Table structure for table `admin_roles`
--

CREATE TABLE `admin_roles` (
  `id` int(10) UNSIGNED NOT NULL,
  `name` varchar(255) DEFAULT NULL,
  `code` varchar(255) DEFAULT NULL,
  `description` varchar(255) DEFAULT NULL,
  `created_at` datetime(6) DEFAULT NULL,
  `updated_at` datetime(6) DEFAULT NULL,
  `created_by_id` int(10) UNSIGNED DEFAULT NULL,
  `updated_by_id` int(10) UNSIGNED DEFAULT NULL
) ENGINE=InnoDB DEFAULT CHARSET=utf8mb4 COLLATE=utf8mb4_general_ci;

--
-- Dumping data for table `admin_roles`
--

INSERT INTO `admin_roles` (`id`, `name`, `code`, `description`, `created_at`, `updated_at`, `created_by_id`, `updated_by_id`) VALUES
(1, 'Super Admin', 'strapi-super-admin', 'Super Admins can access and manage all features and settings.', '2023-06-17 15:54:15.006000', '2023-06-17 15:54:15.006000', NULL, NULL),
(2, 'Editor', 'strapi-editor', 'Editors can manage and publish contents including those of other users.', '2023-06-17 15:54:15.020000', '2023-06-17 15:54:15.020000', NULL, NULL),
(3, 'Author', 'strapi-author', 'Authors can manage the content they have created.', '2023-06-17 15:54:15.030000', '2023-06-17 15:54:15.030000', NULL, NULL);

-- --------------------------------------------------------

--
-- Table structure for table `admin_users`
--

CREATE TABLE `admin_users` (
  `id` int(10) UNSIGNED NOT NULL,
  `firstname` varchar(255) DEFAULT NULL,
  `lastname` varchar(255) DEFAULT NULL,
  `username` varchar(255) DEFAULT NULL,
  `email` varchar(255) DEFAULT NULL,
  `password` varchar(255) DEFAULT NULL,
  `reset_password_token` varchar(255) DEFAULT NULL,
  `registration_token` varchar(255) DEFAULT NULL,
  `is_active` tinyint(1) DEFAULT NULL,
  `blocked` tinyint(1) DEFAULT NULL,
  `prefered_language` varchar(255) DEFAULT NULL,
  `created_at` datetime(6) DEFAULT NULL,
  `updated_at` datetime(6) DEFAULT NULL,
  `created_by_id` int(10) UNSIGNED DEFAULT NULL,
  `updated_by_id` int(10) UNSIGNED DEFAULT NULL
) ENGINE=InnoDB DEFAULT CHARSET=utf8mb4 COLLATE=utf8mb4_general_ci;

--
-- Dumping data for table `admin_users`
--

INSERT INTO `admin_users` (`id`, `firstname`, `lastname`, `username`, `email`, `password`, `reset_password_token`, `registration_token`, `is_active`, `blocked`, `prefered_language`, `created_at`, `updated_at`, `created_by_id`, `updated_by_id`) VALUES
(1, 'legend', 'mind', NULL, 'legendmind@legendmind.com', '$2a$10$VChkzJERSW1gcUx2/OfZIuusgDVG8b6IYjn0lu9kOPWNDeUrH0NoW', NULL, NULL, 1, 0, NULL, '2023-06-17 16:10:33.718000', '2023-06-17 16:10:33.718000', NULL, NULL);

-- --------------------------------------------------------

--
-- Table structure for table `admin_users_roles_links`
--

CREATE TABLE `admin_users_roles_links` (
  `id` int(10) UNSIGNED NOT NULL,
  `user_id` int(10) UNSIGNED DEFAULT NULL,
  `role_id` int(10) UNSIGNED DEFAULT NULL,
  `role_order` double UNSIGNED DEFAULT NULL,
  `user_order` double UNSIGNED DEFAULT NULL
) ENGINE=InnoDB DEFAULT CHARSET=utf8mb4 COLLATE=utf8mb4_general_ci;

--
-- Dumping data for table `admin_users_roles_links`
--

INSERT INTO `admin_users_roles_links` (`id`, `user_id`, `role_id`, `role_order`, `user_order`) VALUES
(1, 1, 1, 1, 1);

-- --------------------------------------------------------

--
-- Table structure for table `appointments`
--

CREATE TABLE `appointments` (
  `id` int(10) UNSIGNED NOT NULL,
  `symptoms` longtext DEFAULT NULL,
  `desc` longtext DEFAULT NULL,
  `aptstatus` varchar(255) DEFAULT NULL,
  `aptdate` varchar(255) DEFAULT NULL,
  `patientid` bigint(20) DEFAULT NULL,
  `doctorid` bigint(20) DEFAULT NULL,
  `diagnosis` longtext DEFAULT NULL,
  `commentsbydoc` longtext DEFAULT NULL,
  `presc` longtext DEFAULT NULL,
  `created_at` datetime(6) DEFAULT NULL,
  `updated_at` datetime(6) DEFAULT NULL,
  `published_at` datetime(6) DEFAULT NULL,
  `created_by_id` int(10) UNSIGNED DEFAULT NULL,
  `updated_by_id` int(10) UNSIGNED DEFAULT NULL
) ENGINE=InnoDB DEFAULT CHARSET=utf8mb4 COLLATE=utf8mb4_general_ci;

-- --------------------------------------------------------

--
-- Table structure for table `doctors`
--

CREATE TABLE `doctors` (
  `id` int(10) UNSIGNED NOT NULL,
  `doctor_name` varchar(255) DEFAULT NULL,
  `created_at` datetime(6) DEFAULT NULL,
  `updated_at` datetime(6) DEFAULT NULL,
  `published_at` datetime(6) DEFAULT NULL,
  `created_by_id` int(10) UNSIGNED DEFAULT NULL,
  `updated_by_id` int(10) UNSIGNED DEFAULT NULL,
  `doctor_email` varchar(255) DEFAULT NULL,
  `userid` bigint(20) DEFAULT NULL,
  `specl` longtext DEFAULT NULL
) ENGINE=InnoDB DEFAULT CHARSET=utf8mb4 COLLATE=utf8mb4_general_ci;

--
-- Dumping data for table `doctors`
--

INSERT INTO `doctors` (`id`, `doctor_name`, `created_at`, `updated_at`, `published_at`, `created_by_id`, `updated_by_id`, `doctor_email`, `userid`, `specl`) VALUES
(1, 'mr. cc', '2023-07-02 05:50:02.108000', '2023-07-02 05:52:54.457000', '2023-07-02 05:52:54.449000', 1, 1, 'cc@cc.com', 18, NULL);

-- --------------------------------------------------------

--
-- Table structure for table `files`
--

CREATE TABLE `files` (
  `id` int(10) UNSIGNED NOT NULL,
  `name` varchar(255) DEFAULT NULL,
  `alternative_text` varchar(255) DEFAULT NULL,
  `caption` varchar(255) DEFAULT NULL,
  `width` int(11) DEFAULT NULL,
  `height` int(11) DEFAULT NULL,
  `formats` longtext CHARACTER SET utf8mb4 COLLATE utf8mb4_bin DEFAULT NULL CHECK (json_valid(`formats`)),
  `hash` varchar(255) DEFAULT NULL,
  `ext` varchar(255) DEFAULT NULL,
  `mime` varchar(255) DEFAULT NULL,
  `size` decimal(10,2) DEFAULT NULL,
  `url` varchar(255) DEFAULT NULL,
  `preview_url` varchar(255) DEFAULT NULL,
  `provider` varchar(255) DEFAULT NULL,
  `provider_metadata` longtext CHARACTER SET utf8mb4 COLLATE utf8mb4_bin DEFAULT NULL CHECK (json_valid(`provider_metadata`)),
  `folder_path` varchar(255) DEFAULT NULL,
  `created_at` datetime(6) DEFAULT NULL,
  `updated_at` datetime(6) DEFAULT NULL,
  `created_by_id` int(10) UNSIGNED DEFAULT NULL,
  `updated_by_id` int(10) UNSIGNED DEFAULT NULL
) ENGINE=InnoDB DEFAULT CHARSET=utf8mb4 COLLATE=utf8mb4_general_ci;

-- --------------------------------------------------------

--
-- Table structure for table `files_folder_links`
--

CREATE TABLE `files_folder_links` (
  `id` int(10) UNSIGNED NOT NULL,
  `file_id` int(10) UNSIGNED DEFAULT NULL,
  `folder_id` int(10) UNSIGNED DEFAULT NULL,
  `file_order` double UNSIGNED DEFAULT NULL
) ENGINE=InnoDB DEFAULT CHARSET=utf8mb4 COLLATE=utf8mb4_general_ci;

-- --------------------------------------------------------

--
-- Table structure for table `files_related_morphs`
--

CREATE TABLE `files_related_morphs` (
  `id` int(10) UNSIGNED NOT NULL,
  `file_id` int(10) UNSIGNED DEFAULT NULL,
  `related_id` int(10) UNSIGNED DEFAULT NULL,
  `related_type` varchar(255) DEFAULT NULL,
  `field` varchar(255) DEFAULT NULL,
  `order` double UNSIGNED DEFAULT NULL
) ENGINE=InnoDB DEFAULT CHARSET=utf8mb4 COLLATE=utf8mb4_general_ci;

-- --------------------------------------------------------

--
-- Table structure for table `i18n_locale`
--

CREATE TABLE `i18n_locale` (
  `id` int(10) UNSIGNED NOT NULL,
  `name` varchar(255) DEFAULT NULL,
  `code` varchar(255) DEFAULT NULL,
  `created_at` datetime(6) DEFAULT NULL,
  `updated_at` datetime(6) DEFAULT NULL,
  `created_by_id` int(10) UNSIGNED DEFAULT NULL,
  `updated_by_id` int(10) UNSIGNED DEFAULT NULL
) ENGINE=InnoDB DEFAULT CHARSET=utf8mb4 COLLATE=utf8mb4_general_ci;

--
-- Dumping data for table `i18n_locale`
--

INSERT INTO `i18n_locale` (`id`, `name`, `code`, `created_at`, `updated_at`, `created_by_id`, `updated_by_id`) VALUES
(1, 'English (en)', 'en', '2023-06-17 15:54:14.943000', '2023-06-17 15:54:14.943000', NULL, NULL);

-- --------------------------------------------------------

--
-- Table structure for table `patients`
--

CREATE TABLE `patients` (
  `id` int(10) UNSIGNED NOT NULL,
  `patient_name` varchar(255) DEFAULT NULL,
  `patient_email` varchar(255) DEFAULT NULL,
  `patient_age` varchar(255) DEFAULT NULL,
  `created_at` datetime(6) DEFAULT NULL,
  `updated_at` datetime(6) DEFAULT NULL,
  `created_by_id` int(10) UNSIGNED DEFAULT NULL,
  `updated_by_id` int(10) UNSIGNED DEFAULT NULL,
  `userid` bigint(20) DEFAULT NULL,
  `published_at` datetime(6) DEFAULT NULL
) ENGINE=InnoDB DEFAULT CHARSET=utf8mb4 COLLATE=utf8mb4_general_ci;

--
-- Dumping data for table `patients`
--

INSERT INTO `patients` (`id`, `patient_name`, `patient_email`, `patient_age`, `created_at`, `updated_at`, `created_by_id`, `updated_by_id`, `userid`, `published_at`) VALUES
(1, 'Noman', 'noman@noman.com', '43', '2023-06-17 16:17:28.102000', '2023-06-17 16:17:28.102000', 1, 1, NULL, '2023-06-17 16:17:28.102000'),
(2, 'Roomi', 'roomi@roomi.com', '40', '2023-06-17 20:30:33.533000', '2023-06-17 20:30:33.533000', 1, 1, NULL, '2023-06-17 20:30:33.533000'),
(5, 'Imtiaz', 'imtiaz@imtiaz.com', '44', '2023-06-19 11:59:29.023000', '2023-07-02 23:31:04.923000', 1, 1, 65, '2023-06-19 11:59:29.023000'),
(50, 'yoshi', 'legendmindyt@gmail.com', '90', '2023-07-02 22:10:48.395000', '2023-07-02 22:10:48.395000', NULL, NULL, 38, '2023-07-02 22:10:48.380000'),
(51, 'zip line', 'hassaanalvi47@gmail.com', '45', '2023-07-02 22:32:02.940000', '2023-07-02 22:32:02.940000', NULL, NULL, 43, '2023-07-02 22:32:02.934000'),
(52, 'Support', 'qq@qq.com', '45', '2023-07-02 23:31:11.014000', '2023-07-02 23:31:11.014000', NULL, NULL, 37, '2023-07-02 23:31:11.008000');

-- --------------------------------------------------------

--
-- Table structure for table `strapi_api_tokens`
--

CREATE TABLE `strapi_api_tokens` (
  `id` int(10) UNSIGNED NOT NULL,
  `name` varchar(255) DEFAULT NULL,
  `description` varchar(255) DEFAULT NULL,
  `type` varchar(255) DEFAULT NULL,
  `access_key` varchar(255) DEFAULT NULL,
  `last_used_at` datetime(6) DEFAULT NULL,
  `expires_at` datetime(6) DEFAULT NULL,
  `lifespan` bigint(20) DEFAULT NULL,
  `created_at` datetime(6) DEFAULT NULL,
  `updated_at` datetime(6) DEFAULT NULL,
  `created_by_id` int(10) UNSIGNED DEFAULT NULL,
  `updated_by_id` int(10) UNSIGNED DEFAULT NULL
) ENGINE=InnoDB DEFAULT CHARSET=utf8mb4 COLLATE=utf8mb4_general_ci;

--
-- Dumping data for table `strapi_api_tokens`
--

INSERT INTO `strapi_api_tokens` (`id`, `name`, `description`, `type`, `access_key`, `last_used_at`, `expires_at`, `lifespan`, `created_at`, `updated_at`, `created_by_id`, `updated_by_id`) VALUES
(1, 'postPatients', 'Posts Data into Patients Table', 'full-access', '57968d26380f35acc9a1724b43c02ba90ece9d2770a474f160dc51f65d6cd2c318dc84965abbba244cba6b0ccecfedf101ea68ed3aa562f6df8faf5923292f1c', '2023-06-24 17:42:11.517000', '2023-06-26 16:34:45.584000', 604800000, '2023-06-19 16:34:45.584000', '2023-06-24 17:42:11.517000', NULL, NULL);

-- --------------------------------------------------------

--
-- Table structure for table `strapi_api_token_permissions`
--

CREATE TABLE `strapi_api_token_permissions` (
  `id` int(10) UNSIGNED NOT NULL,
  `action` varchar(255) DEFAULT NULL,
  `created_at` datetime(6) DEFAULT NULL,
  `updated_at` datetime(6) DEFAULT NULL,
  `created_by_id` int(10) UNSIGNED DEFAULT NULL,
  `updated_by_id` int(10) UNSIGNED DEFAULT NULL
) ENGINE=InnoDB DEFAULT CHARSET=utf8mb4 COLLATE=utf8mb4_general_ci;

-- --------------------------------------------------------

--
-- Table structure for table `strapi_api_token_permissions_token_links`
--

CREATE TABLE `strapi_api_token_permissions_token_links` (
  `id` int(10) UNSIGNED NOT NULL,
  `api_token_permission_id` int(10) UNSIGNED DEFAULT NULL,
  `api_token_id` int(10) UNSIGNED DEFAULT NULL,
  `api_token_permission_order` double UNSIGNED DEFAULT NULL
) ENGINE=InnoDB DEFAULT CHARSET=utf8mb4 COLLATE=utf8mb4_general_ci;

-- --------------------------------------------------------

--
-- Table structure for table `strapi_core_store_settings`
--

CREATE TABLE `strapi_core_store_settings` (
  `id` int(10) UNSIGNED NOT NULL,
  `key` varchar(255) DEFAULT NULL,
  `value` longtext DEFAULT NULL,
  `type` varchar(255) DEFAULT NULL,
  `environment` varchar(255) DEFAULT NULL,
  `tag` varchar(255) DEFAULT NULL
) ENGINE=InnoDB DEFAULT CHARSET=utf8mb4 COLLATE=utf8mb4_general_ci;

--
-- Dumping data for table `strapi_core_store_settings`
--

INSERT INTO `strapi_core_store_settings` (`id`, `key`, `value`, `type`, `environment`, `tag`) VALUES
(1, 'strapi_content_types_schema', '{\"admin::permission\":{\"collectionName\":\"admin_permissions\",\"info\":{\"name\":\"Permission\",\"description\":\"\",\"singularName\":\"permission\",\"pluralName\":\"permissions\",\"displayName\":\"Permission\"},\"options\":{},\"pluginOptions\":{\"content-manager\":{\"visible\":false},\"content-type-builder\":{\"visible\":false}},\"attributes\":{\"action\":{\"type\":\"string\",\"minLength\":1,\"configurable\":false,\"required\":true},\"subject\":{\"type\":\"string\",\"minLength\":1,\"configurable\":false,\"required\":false},\"properties\":{\"type\":\"json\",\"configurable\":false,\"required\":false,\"default\":{}},\"conditions\":{\"type\":\"json\",\"configurable\":false,\"required\":false,\"default\":[]},\"role\":{\"configurable\":false,\"type\":\"relation\",\"relation\":\"manyToOne\",\"inversedBy\":\"permissions\",\"target\":\"admin::role\"},\"createdAt\":{\"type\":\"datetime\"},\"updatedAt\":{\"type\":\"datetime\"},\"createdBy\":{\"type\":\"relation\",\"relation\":\"oneToOne\",\"target\":\"admin::user\",\"configurable\":false,\"writable\":false,\"visible\":false,\"useJoinTable\":false,\"private\":true},\"updatedBy\":{\"type\":\"relation\",\"relation\":\"oneToOne\",\"target\":\"admin::user\",\"configurable\":false,\"writable\":false,\"visible\":false,\"useJoinTable\":false,\"private\":true}},\"kind\":\"collectionType\",\"__schema__\":{\"collectionName\":\"admin_permissions\",\"info\":{\"name\":\"Permission\",\"description\":\"\",\"singularName\":\"permission\",\"pluralName\":\"permissions\",\"displayName\":\"Permission\"},\"options\":{},\"pluginOptions\":{\"content-manager\":{\"visible\":false},\"content-type-builder\":{\"visible\":false}},\"attributes\":{\"action\":{\"type\":\"string\",\"minLength\":1,\"configurable\":false,\"required\":true},\"subject\":{\"type\":\"string\",\"minLength\":1,\"configurable\":false,\"required\":false},\"properties\":{\"type\":\"json\",\"configurable\":false,\"required\":false,\"default\":{}},\"conditions\":{\"type\":\"json\",\"configurable\":false,\"required\":false,\"default\":[]},\"role\":{\"configurable\":false,\"type\":\"relation\",\"relation\":\"manyToOne\",\"inversedBy\":\"permissions\",\"target\":\"admin::role\"}},\"kind\":\"collectionType\"},\"modelType\":\"contentType\",\"modelName\":\"permission\",\"connection\":\"default\",\"uid\":\"admin::permission\",\"plugin\":\"admin\",\"globalId\":\"AdminPermission\"},\"admin::user\":{\"collectionName\":\"admin_users\",\"info\":{\"name\":\"User\",\"description\":\"\",\"singularName\":\"user\",\"pluralName\":\"users\",\"displayName\":\"User\"},\"pluginOptions\":{\"content-manager\":{\"visible\":false},\"content-type-builder\":{\"visible\":false}},\"attributes\":{\"firstname\":{\"type\":\"string\",\"unique\":false,\"minLength\":1,\"configurable\":false,\"required\":false},\"lastname\":{\"type\":\"string\",\"unique\":false,\"minLength\":1,\"configurable\":false,\"required\":false},\"username\":{\"type\":\"string\",\"unique\":false,\"configurable\":false,\"required\":false},\"email\":{\"type\":\"email\",\"minLength\":6,\"configurable\":false,\"required\":true,\"unique\":true,\"private\":true},\"password\":{\"type\":\"password\",\"minLength\":6,\"configurable\":false,\"required\":false,\"private\":true,\"searchable\":false},\"resetPasswordToken\":{\"type\":\"string\",\"configurable\":false,\"private\":true,\"searchable\":false},\"registrationToken\":{\"type\":\"string\",\"configurable\":false,\"private\":true,\"searchable\":false},\"isActive\":{\"type\":\"boolean\",\"default\":false,\"configurable\":false,\"private\":true},\"roles\":{\"configurable\":false,\"private\":true,\"type\":\"relation\",\"relation\":\"manyToMany\",\"inversedBy\":\"users\",\"target\":\"admin::role\",\"collectionName\":\"strapi_users_roles\"},\"blocked\":{\"type\":\"boolean\",\"default\":false,\"configurable\":false,\"private\":true},\"preferedLanguage\":{\"type\":\"string\",\"configurable\":false,\"required\":false,\"searchable\":false},\"createdAt\":{\"type\":\"datetime\"},\"updatedAt\":{\"type\":\"datetime\"},\"createdBy\":{\"type\":\"relation\",\"relation\":\"oneToOne\",\"target\":\"admin::user\",\"configurable\":false,\"writable\":false,\"visible\":false,\"useJoinTable\":false,\"private\":true},\"updatedBy\":{\"type\":\"relation\",\"relation\":\"oneToOne\",\"target\":\"admin::user\",\"configurable\":false,\"writable\":false,\"visible\":false,\"useJoinTable\":false,\"private\":true}},\"kind\":\"collectionType\",\"__schema__\":{\"collectionName\":\"admin_users\",\"info\":{\"name\":\"User\",\"description\":\"\",\"singularName\":\"user\",\"pluralName\":\"users\",\"displayName\":\"User\"},\"pluginOptions\":{\"content-manager\":{\"visible\":false},\"content-type-builder\":{\"visible\":false}},\"attributes\":{\"firstname\":{\"type\":\"string\",\"unique\":false,\"minLength\":1,\"configurable\":false,\"required\":false},\"lastname\":{\"type\":\"string\",\"unique\":false,\"minLength\":1,\"configurable\":false,\"required\":false},\"username\":{\"type\":\"string\",\"unique\":false,\"configurable\":false,\"required\":false},\"email\":{\"type\":\"email\",\"minLength\":6,\"configurable\":false,\"required\":true,\"unique\":true,\"private\":true},\"password\":{\"type\":\"password\",\"minLength\":6,\"configurable\":false,\"required\":false,\"private\":true,\"searchable\":false},\"resetPasswordToken\":{\"type\":\"string\",\"configurable\":false,\"private\":true,\"searchable\":false},\"registrationToken\":{\"type\":\"string\",\"configurable\":false,\"private\":true,\"searchable\":false},\"isActive\":{\"type\":\"boolean\",\"default\":false,\"configurable\":false,\"private\":true},\"roles\":{\"configurable\":false,\"private\":true,\"type\":\"relation\",\"relation\":\"manyToMany\",\"inversedBy\":\"users\",\"target\":\"admin::role\",\"collectionName\":\"strapi_users_roles\"},\"blocked\":{\"type\":\"boolean\",\"default\":false,\"configurable\":false,\"private\":true},\"preferedLanguage\":{\"type\":\"string\",\"configurable\":false,\"required\":false,\"searchable\":false}},\"kind\":\"collectionType\"},\"modelType\":\"contentType\",\"modelName\":\"user\",\"connection\":\"default\",\"uid\":\"admin::user\",\"plugin\":\"admin\",\"globalId\":\"AdminUser\"},\"admin::role\":{\"collectionName\":\"admin_roles\",\"info\":{\"name\":\"Role\",\"description\":\"\",\"singularName\":\"role\",\"pluralName\":\"roles\",\"displayName\":\"Role\"},\"options\":{},\"pluginOptions\":{\"content-manager\":{\"visible\":false},\"content-type-builder\":{\"visible\":false}},\"attributes\":{\"name\":{\"type\":\"string\",\"minLength\":1,\"unique\":true,\"configurable\":false,\"required\":true},\"code\":{\"type\":\"string\",\"minLength\":1,\"unique\":true,\"configurable\":false,\"required\":true},\"description\":{\"type\":\"string\",\"configurable\":false},\"users\":{\"configurable\":false,\"type\":\"relation\",\"relation\":\"manyToMany\",\"mappedBy\":\"roles\",\"target\":\"admin::user\"},\"permissions\":{\"configurable\":false,\"type\":\"relation\",\"relation\":\"oneToMany\",\"mappedBy\":\"role\",\"target\":\"admin::permission\"},\"createdAt\":{\"type\":\"datetime\"},\"updatedAt\":{\"type\":\"datetime\"},\"createdBy\":{\"type\":\"relation\",\"relation\":\"oneToOne\",\"target\":\"admin::user\",\"configurable\":false,\"writable\":false,\"visible\":false,\"useJoinTable\":false,\"private\":true},\"updatedBy\":{\"type\":\"relation\",\"relation\":\"oneToOne\",\"target\":\"admin::user\",\"configurable\":false,\"writable\":false,\"visible\":false,\"useJoinTable\":false,\"private\":true}},\"kind\":\"collectionType\",\"__schema__\":{\"collectionName\":\"admin_roles\",\"info\":{\"name\":\"Role\",\"description\":\"\",\"singularName\":\"role\",\"pluralName\":\"roles\",\"displayName\":\"Role\"},\"options\":{},\"pluginOptions\":{\"content-manager\":{\"visible\":false},\"content-type-builder\":{\"visible\":false}},\"attributes\":{\"name\":{\"type\":\"string\",\"minLength\":1,\"unique\":true,\"configurable\":false,\"required\":true},\"code\":{\"type\":\"string\",\"minLength\":1,\"unique\":true,\"configurable\":false,\"required\":true},\"description\":{\"type\":\"string\",\"configurable\":false},\"users\":{\"configurable\":false,\"type\":\"relation\",\"relation\":\"manyToMany\",\"mappedBy\":\"roles\",\"target\":\"admin::user\"},\"permissions\":{\"configurable\":false,\"type\":\"relation\",\"relation\":\"oneToMany\",\"mappedBy\":\"role\",\"target\":\"admin::permission\"}},\"kind\":\"collectionType\"},\"modelType\":\"contentType\",\"modelName\":\"role\",\"connection\":\"default\",\"uid\":\"admin::role\",\"plugin\":\"admin\",\"globalId\":\"AdminRole\"},\"admin::api-token\":{\"collectionName\":\"strapi_api_tokens\",\"info\":{\"name\":\"Api Token\",\"singularName\":\"api-token\",\"pluralName\":\"api-tokens\",\"displayName\":\"Api Token\",\"description\":\"\"},\"options\":{},\"pluginOptions\":{\"content-manager\":{\"visible\":false},\"content-type-builder\":{\"visible\":false}},\"attributes\":{\"name\":{\"type\":\"string\",\"minLength\":1,\"configurable\":false,\"required\":true,\"unique\":true},\"description\":{\"type\":\"string\",\"minLength\":1,\"configurable\":false,\"required\":false,\"default\":\"\"},\"type\":{\"type\":\"enumeration\",\"enum\":[\"read-only\",\"full-access\",\"custom\"],\"configurable\":false,\"required\":true,\"default\":\"read-only\"},\"accessKey\":{\"type\":\"string\",\"minLength\":1,\"configurable\":false,\"required\":true,\"searchable\":false},\"lastUsedAt\":{\"type\":\"datetime\",\"configurable\":false,\"required\":false},\"permissions\":{\"type\":\"relation\",\"target\":\"admin::api-token-permission\",\"relation\":\"oneToMany\",\"mappedBy\":\"token\",\"configurable\":false,\"required\":false},\"expiresAt\":{\"type\":\"datetime\",\"configurable\":false,\"required\":false},\"lifespan\":{\"type\":\"biginteger\",\"configurable\":false,\"required\":false},\"createdAt\":{\"type\":\"datetime\"},\"updatedAt\":{\"type\":\"datetime\"},\"createdBy\":{\"type\":\"relation\",\"relation\":\"oneToOne\",\"target\":\"admin::user\",\"configurable\":false,\"writable\":false,\"visible\":false,\"useJoinTable\":false,\"private\":true},\"updatedBy\":{\"type\":\"relation\",\"relation\":\"oneToOne\",\"target\":\"admin::user\",\"configurable\":false,\"writable\":false,\"visible\":false,\"useJoinTable\":false,\"private\":true}},\"kind\":\"collectionType\",\"__schema__\":{\"collectionName\":\"strapi_api_tokens\",\"info\":{\"name\":\"Api Token\",\"singularName\":\"api-token\",\"pluralName\":\"api-tokens\",\"displayName\":\"Api Token\",\"description\":\"\"},\"options\":{},\"pluginOptions\":{\"content-manager\":{\"visible\":false},\"content-type-builder\":{\"visible\":false}},\"attributes\":{\"name\":{\"type\":\"string\",\"minLength\":1,\"configurable\":false,\"required\":true,\"unique\":true},\"description\":{\"type\":\"string\",\"minLength\":1,\"configurable\":false,\"required\":false,\"default\":\"\"},\"type\":{\"type\":\"enumeration\",\"enum\":[\"read-only\",\"full-access\",\"custom\"],\"configurable\":false,\"required\":true,\"default\":\"read-only\"},\"accessKey\":{\"type\":\"string\",\"minLength\":1,\"configurable\":false,\"required\":true,\"searchable\":false},\"lastUsedAt\":{\"type\":\"datetime\",\"configurable\":false,\"required\":false},\"permissions\":{\"type\":\"relation\",\"target\":\"admin::api-token-permission\",\"relation\":\"oneToMany\",\"mappedBy\":\"token\",\"configurable\":false,\"required\":false},\"expiresAt\":{\"type\":\"datetime\",\"configurable\":false,\"required\":false},\"lifespan\":{\"type\":\"biginteger\",\"configurable\":false,\"required\":false}},\"kind\":\"collectionType\"},\"modelType\":\"contentType\",\"modelName\":\"api-token\",\"connection\":\"default\",\"uid\":\"admin::api-token\",\"plugin\":\"admin\",\"globalId\":\"AdminApiToken\"},\"admin::api-token-permission\":{\"collectionName\":\"strapi_api_token_permissions\",\"info\":{\"name\":\"API Token Permission\",\"description\":\"\",\"singularName\":\"api-token-permission\",\"pluralName\":\"api-token-permissions\",\"displayName\":\"API Token Permission\"},\"options\":{},\"pluginOptions\":{\"content-manager\":{\"visible\":false},\"content-type-builder\":{\"visible\":false}},\"attributes\":{\"action\":{\"type\":\"string\",\"minLength\":1,\"configurable\":false,\"required\":true},\"token\":{\"configurable\":false,\"type\":\"relation\",\"relation\":\"manyToOne\",\"inversedBy\":\"permissions\",\"target\":\"admin::api-token\"},\"createdAt\":{\"type\":\"datetime\"},\"updatedAt\":{\"type\":\"datetime\"},\"createdBy\":{\"type\":\"relation\",\"relation\":\"oneToOne\",\"target\":\"admin::user\",\"configurable\":false,\"writable\":false,\"visible\":false,\"useJoinTable\":false,\"private\":true},\"updatedBy\":{\"type\":\"relation\",\"relation\":\"oneToOne\",\"target\":\"admin::user\",\"configurable\":false,\"writable\":false,\"visible\":false,\"useJoinTable\":false,\"private\":true}},\"kind\":\"collectionType\",\"__schema__\":{\"collectionName\":\"strapi_api_token_permissions\",\"info\":{\"name\":\"API Token Permission\",\"description\":\"\",\"singularName\":\"api-token-permission\",\"pluralName\":\"api-token-permissions\",\"displayName\":\"API Token Permission\"},\"options\":{},\"pluginOptions\":{\"content-manager\":{\"visible\":false},\"content-type-builder\":{\"visible\":false}},\"attributes\":{\"action\":{\"type\":\"string\",\"minLength\":1,\"configurable\":false,\"required\":true},\"token\":{\"configurable\":false,\"type\":\"relation\",\"relation\":\"manyToOne\",\"inversedBy\":\"permissions\",\"target\":\"admin::api-token\"}},\"kind\":\"collectionType\"},\"modelType\":\"contentType\",\"modelName\":\"api-token-permission\",\"connection\":\"default\",\"uid\":\"admin::api-token-permission\",\"plugin\":\"admin\",\"globalId\":\"AdminApiTokenPermission\"},\"admin::transfer-token\":{\"collectionName\":\"strapi_transfer_tokens\",\"info\":{\"name\":\"Transfer Token\",\"singularName\":\"transfer-token\",\"pluralName\":\"transfer-tokens\",\"displayName\":\"Transfer Token\",\"description\":\"\"},\"options\":{},\"pluginOptions\":{\"content-manager\":{\"visible\":false},\"content-type-builder\":{\"visible\":false}},\"attributes\":{\"name\":{\"type\":\"string\",\"minLength\":1,\"configurable\":false,\"required\":true,\"unique\":true},\"description\":{\"type\":\"string\",\"minLength\":1,\"configurable\":false,\"required\":false,\"default\":\"\"},\"accessKey\":{\"type\":\"string\",\"minLength\":1,\"configurable\":false,\"required\":true},\"lastUsedAt\":{\"type\":\"datetime\",\"configurable\":false,\"required\":false},\"permissions\":{\"type\":\"relation\",\"target\":\"admin::transfer-token-permission\",\"relation\":\"oneToMany\",\"mappedBy\":\"token\",\"configurable\":false,\"required\":false},\"expiresAt\":{\"type\":\"datetime\",\"configurable\":false,\"required\":false},\"lifespan\":{\"type\":\"biginteger\",\"configurable\":false,\"required\":false},\"createdAt\":{\"type\":\"datetime\"},\"updatedAt\":{\"type\":\"datetime\"},\"createdBy\":{\"type\":\"relation\",\"relation\":\"oneToOne\",\"target\":\"admin::user\",\"configurable\":false,\"writable\":false,\"visible\":false,\"useJoinTable\":false,\"private\":true},\"updatedBy\":{\"type\":\"relation\",\"relation\":\"oneToOne\",\"target\":\"admin::user\",\"configurable\":false,\"writable\":false,\"visible\":false,\"useJoinTable\":false,\"private\":true}},\"kind\":\"collectionType\",\"__schema__\":{\"collectionName\":\"strapi_transfer_tokens\",\"info\":{\"name\":\"Transfer Token\",\"singularName\":\"transfer-token\",\"pluralName\":\"transfer-tokens\",\"displayName\":\"Transfer Token\",\"description\":\"\"},\"options\":{},\"pluginOptions\":{\"content-manager\":{\"visible\":false},\"content-type-builder\":{\"visible\":false}},\"attributes\":{\"name\":{\"type\":\"string\",\"minLength\":1,\"configurable\":false,\"required\":true,\"unique\":true},\"description\":{\"type\":\"string\",\"minLength\":1,\"configurable\":false,\"required\":false,\"default\":\"\"},\"accessKey\":{\"type\":\"string\",\"minLength\":1,\"configurable\":false,\"required\":true},\"lastUsedAt\":{\"type\":\"datetime\",\"configurable\":false,\"required\":false},\"permissions\":{\"type\":\"relation\",\"target\":\"admin::transfer-token-permission\",\"relation\":\"oneToMany\",\"mappedBy\":\"token\",\"configurable\":false,\"required\":false},\"expiresAt\":{\"type\":\"datetime\",\"configurable\":false,\"required\":false},\"lifespan\":{\"type\":\"biginteger\",\"configurable\":false,\"required\":false}},\"kind\":\"collectionType\"},\"modelType\":\"contentType\",\"modelName\":\"transfer-token\",\"connection\":\"default\",\"uid\":\"admin::transfer-token\",\"plugin\":\"admin\",\"globalId\":\"AdminTransferToken\"},\"admin::transfer-token-permission\":{\"collectionName\":\"strapi_transfer_token_permissions\",\"info\":{\"name\":\"Transfer Token Permission\",\"description\":\"\",\"singularName\":\"transfer-token-permission\",\"pluralName\":\"transfer-token-permissions\",\"displayName\":\"Transfer Token Permission\"},\"options\":{},\"pluginOptions\":{\"content-manager\":{\"visible\":false},\"content-type-builder\":{\"visible\":false}},\"attributes\":{\"action\":{\"type\":\"string\",\"minLength\":1,\"configurable\":false,\"required\":true},\"token\":{\"configurable\":false,\"type\":\"relation\",\"relation\":\"manyToOne\",\"inversedBy\":\"permissions\",\"target\":\"admin::transfer-token\"},\"createdAt\":{\"type\":\"datetime\"},\"updatedAt\":{\"type\":\"datetime\"},\"createdBy\":{\"type\":\"relation\",\"relation\":\"oneToOne\",\"target\":\"admin::user\",\"configurable\":false,\"writable\":false,\"visible\":false,\"useJoinTable\":false,\"private\":true},\"updatedBy\":{\"type\":\"relation\",\"relation\":\"oneToOne\",\"target\":\"admin::user\",\"configurable\":false,\"writable\":false,\"visible\":false,\"useJoinTable\":false,\"private\":true}},\"kind\":\"collectionType\",\"__schema__\":{\"collectionName\":\"strapi_transfer_token_permissions\",\"info\":{\"name\":\"Transfer Token Permission\",\"description\":\"\",\"singularName\":\"transfer-token-permission\",\"pluralName\":\"transfer-token-permissions\",\"displayName\":\"Transfer Token Permission\"},\"options\":{},\"pluginOptions\":{\"content-manager\":{\"visible\":false},\"content-type-builder\":{\"visible\":false}},\"attributes\":{\"action\":{\"type\":\"string\",\"minLength\":1,\"configurable\":false,\"required\":true},\"token\":{\"configurable\":false,\"type\":\"relation\",\"relation\":\"manyToOne\",\"inversedBy\":\"permissions\",\"target\":\"admin::transfer-token\"}},\"kind\":\"collectionType\"},\"modelType\":\"contentType\",\"modelName\":\"transfer-token-permission\",\"connection\":\"default\",\"uid\":\"admin::transfer-token-permission\",\"plugin\":\"admin\",\"globalId\":\"AdminTransferTokenPermission\"},\"api::appointment.appointment\":{\"kind\":\"collectionType\",\"collectionName\":\"appointments\",\"info\":{\"singularName\":\"appointment\",\"pluralName\":\"appointments\",\"displayName\":\"Appointments\"},\"options\":{\"draftAndPublish\":true},\"pluginOptions\":{},\"attributes\":{\"symptoms\":{\"type\":\"text\"},\"desc\":{\"type\":\"text\"},\"aptstatus\":{\"type\":\"string\"},\"aptdate\":{\"type\":\"string\"},\"patientid\":{\"type\":\"biginteger\"},\"doctorid\":{\"type\":\"biginteger\"},\"diagnosis\":{\"type\":\"text\"},\"commentsbydoc\":{\"type\":\"text\"},\"presc\":{\"type\":\"text\"},\"createdAt\":{\"type\":\"datetime\"},\"updatedAt\":{\"type\":\"datetime\"},\"publishedAt\":{\"type\":\"datetime\",\"configurable\":false,\"writable\":true,\"visible\":false},\"createdBy\":{\"type\":\"relation\",\"relation\":\"oneToOne\",\"target\":\"admin::user\",\"configurable\":false,\"writable\":false,\"visible\":false,\"useJoinTable\":false,\"private\":true},\"updatedBy\":{\"type\":\"relation\",\"relation\":\"oneToOne\",\"target\":\"admin::user\",\"configurable\":false,\"writable\":false,\"visible\":false,\"useJoinTable\":false,\"private\":true}},\"__schema__\":{\"collectionName\":\"appointments\",\"info\":{\"singularName\":\"appointment\",\"pluralName\":\"appointments\",\"displayName\":\"Appointments\"},\"options\":{\"draftAndPublish\":true},\"pluginOptions\":{},\"attributes\":{\"symptoms\":{\"type\":\"text\"},\"desc\":{\"type\":\"text\"},\"aptstatus\":{\"type\":\"string\"},\"aptdate\":{\"type\":\"string\"},\"patientid\":{\"type\":\"biginteger\"},\"doctorid\":{\"type\":\"biginteger\"},\"diagnosis\":{\"type\":\"text\"},\"commentsbydoc\":{\"type\":\"text\"},\"presc\":{\"type\":\"text\"}},\"kind\":\"collectionType\"},\"modelType\":\"contentType\",\"modelName\":\"appointment\",\"connection\":\"default\",\"uid\":\"api::appointment.appointment\",\"apiName\":\"appointment\",\"globalId\":\"Appointment\",\"actions\":{},\"lifecycles\":{}},\"api::doctor.doctor\":{\"kind\":\"collectionType\",\"collectionName\":\"doctors\",\"info\":{\"singularName\":\"doctor\",\"pluralName\":\"doctors\",\"displayName\":\"Doctors\",\"description\":\"\"},\"options\":{\"draftAndPublish\":true},\"pluginOptions\":{},\"attributes\":{\"doctor_name\":{\"type\":\"string\"},\"doctor_email\":{\"type\":\"email\"},\"userid\":{\"type\":\"biginteger\"},\"specl\":{\"type\":\"text\"},\"createdAt\":{\"type\":\"datetime\"},\"updatedAt\":{\"type\":\"datetime\"},\"publishedAt\":{\"type\":\"datetime\",\"configurable\":false,\"writable\":true,\"visible\":false},\"createdBy\":{\"type\":\"relation\",\"relation\":\"oneToOne\",\"target\":\"admin::user\",\"configurable\":false,\"writable\":false,\"visible\":false,\"useJoinTable\":false,\"private\":true},\"updatedBy\":{\"type\":\"relation\",\"relation\":\"oneToOne\",\"target\":\"admin::user\",\"configurable\":false,\"writable\":false,\"visible\":false,\"useJoinTable\":false,\"private\":true}},\"__schema__\":{\"collectionName\":\"doctors\",\"info\":{\"singularName\":\"doctor\",\"pluralName\":\"doctors\",\"displayName\":\"Doctors\",\"description\":\"\"},\"options\":{\"draftAndPublish\":true},\"pluginOptions\":{},\"attributes\":{\"doctor_name\":{\"type\":\"string\"},\"doctor_email\":{\"type\":\"email\"},\"userid\":{\"type\":\"biginteger\"},\"specl\":{\"type\":\"text\"}},\"kind\":\"collectionType\"},\"modelType\":\"contentType\",\"modelName\":\"doctor\",\"connection\":\"default\",\"uid\":\"api::doctor.doctor\",\"apiName\":\"doctor\",\"globalId\":\"Doctor\",\"actions\":{},\"lifecycles\":{}},\"api::patient.patient\":{\"kind\":\"collectionType\",\"collectionName\":\"patients\",\"info\":{\"singularName\":\"patient\",\"pluralName\":\"patients\",\"displayName\":\"Patients\",\"description\":\"\"},\"options\":{\"draftAndPublish\":true},\"pluginOptions\":{},\"attributes\":{\"patient_name\":{\"type\":\"string\"},\"patient_email\":{\"type\":\"string\"},\"patient_age\":{\"type\":\"string\"},\"userid\":{\"type\":\"biginteger\",\"required\":true,\"unique\":false},\"createdAt\":{\"type\":\"datetime\"},\"updatedAt\":{\"type\":\"datetime\"},\"publishedAt\":{\"type\":\"datetime\",\"configurable\":false,\"writable\":true,\"visible\":false},\"createdBy\":{\"type\":\"relation\",\"relation\":\"oneToOne\",\"target\":\"admin::user\",\"configurable\":false,\"writable\":false,\"visible\":false,\"useJoinTable\":false,\"private\":true},\"updatedBy\":{\"type\":\"relation\",\"relation\":\"oneToOne\",\"target\":\"admin::user\",\"configurable\":false,\"writable\":false,\"visible\":false,\"useJoinTable\":false,\"private\":true}},\"__schema__\":{\"collectionName\":\"patients\",\"info\":{\"singularName\":\"patient\",\"pluralName\":\"patients\",\"displayName\":\"Patients\",\"description\":\"\"},\"options\":{\"draftAndPublish\":true},\"pluginOptions\":{},\"attributes\":{\"patient_name\":{\"type\":\"string\"},\"patient_email\":{\"type\":\"string\"},\"patient_age\":{\"type\":\"string\"},\"userid\":{\"type\":\"biginteger\",\"required\":true,\"unique\":false}},\"kind\":\"collectionType\"},\"modelType\":\"contentType\",\"modelName\":\"patient\",\"connection\":\"default\",\"uid\":\"api::patient.patient\",\"apiName\":\"patient\",\"globalId\":\"Patient\",\"actions\":{},\"lifecycles\":{}},\"plugin::upload.file\":{\"collectionName\":\"files\",\"info\":{\"singularName\":\"file\",\"pluralName\":\"files\",\"displayName\":\"File\",\"description\":\"\"},\"options\":{},\"pluginOptions\":{\"content-manager\":{\"visible\":false},\"content-type-builder\":{\"visible\":false}},\"attributes\":{\"name\":{\"type\":\"string\",\"configurable\":false,\"required\":true},\"alternativeText\":{\"type\":\"string\",\"configurable\":false},\"caption\":{\"type\":\"string\",\"configurable\":false},\"width\":{\"type\":\"integer\",\"configurable\":false},\"height\":{\"type\":\"integer\",\"configurable\":false},\"formats\":{\"type\":\"json\",\"configurable\":false},\"hash\":{\"type\":\"string\",\"configurable\":false,\"required\":true},\"ext\":{\"type\":\"string\",\"configurable\":false},\"mime\":{\"type\":\"string\",\"configurable\":false,\"required\":true},\"size\":{\"type\":\"decimal\",\"configurable\":false,\"required\":true},\"url\":{\"type\":\"string\",\"configurable\":false,\"required\":true},\"previewUrl\":{\"type\":\"string\",\"configurable\":false},\"provider\":{\"type\":\"string\",\"configurable\":false,\"required\":true},\"provider_metadata\":{\"type\":\"json\",\"configurable\":false},\"related\":{\"type\":\"relation\",\"relation\":\"morphToMany\",\"configurable\":false},\"folder\":{\"type\":\"relation\",\"relation\":\"manyToOne\",\"target\":\"plugin::upload.folder\",\"inversedBy\":\"files\",\"private\":true},\"folderPath\":{\"type\":\"string\",\"min\":1,\"required\":true,\"private\":true,\"searchable\":false},\"createdAt\":{\"type\":\"datetime\"},\"updatedAt\":{\"type\":\"datetime\"},\"createdBy\":{\"type\":\"relation\",\"relation\":\"oneToOne\",\"target\":\"admin::user\",\"configurable\":false,\"writable\":false,\"visible\":false,\"useJoinTable\":false,\"private\":true},\"updatedBy\":{\"type\":\"relation\",\"relation\":\"oneToOne\",\"target\":\"admin::user\",\"configurable\":false,\"writable\":false,\"visible\":false,\"useJoinTable\":false,\"private\":true}},\"indexes\":[{\"name\":\"upload_files_folder_path_index\",\"columns\":[\"folder_path\"],\"type\":null},{\"name\":\"upload_files_created_at_index\",\"columns\":[\"created_at\"],\"type\":null},{\"name\":\"upload_files_updated_at_index\",\"columns\":[\"updated_at\"],\"type\":null},{\"name\":\"upload_files_name_index\",\"columns\":[\"name\"],\"type\":null},{\"name\":\"upload_files_size_index\",\"columns\":[\"size\"],\"type\":null},{\"name\":\"upload_files_ext_index\",\"columns\":[\"ext\"],\"type\":null}],\"kind\":\"collectionType\",\"__schema__\":{\"collectionName\":\"files\",\"info\":{\"singularName\":\"file\",\"pluralName\":\"files\",\"displayName\":\"File\",\"description\":\"\"},\"options\":{},\"pluginOptions\":{\"content-manager\":{\"visible\":false},\"content-type-builder\":{\"visible\":false}},\"attributes\":{\"name\":{\"type\":\"string\",\"configurable\":false,\"required\":true},\"alternativeText\":{\"type\":\"string\",\"configurable\":false},\"caption\":{\"type\":\"string\",\"configurable\":false},\"width\":{\"type\":\"integer\",\"configurable\":false},\"height\":{\"type\":\"integer\",\"configurable\":false},\"formats\":{\"type\":\"json\",\"configurable\":false},\"hash\":{\"type\":\"string\",\"configurable\":false,\"required\":true},\"ext\":{\"type\":\"string\",\"configurable\":false},\"mime\":{\"type\":\"string\",\"configurable\":false,\"required\":true},\"size\":{\"type\":\"decimal\",\"configurable\":false,\"required\":true},\"url\":{\"type\":\"string\",\"configurable\":false,\"required\":true},\"previewUrl\":{\"type\":\"string\",\"configurable\":false},\"provider\":{\"type\":\"string\",\"configurable\":false,\"required\":true},\"provider_metadata\":{\"type\":\"json\",\"configurable\":false},\"related\":{\"type\":\"relation\",\"relation\":\"morphToMany\",\"configurable\":false},\"folder\":{\"type\":\"relation\",\"relation\":\"manyToOne\",\"target\":\"plugin::upload.folder\",\"inversedBy\":\"files\",\"private\":true},\"folderPath\":{\"type\":\"string\",\"min\":1,\"required\":true,\"private\":true,\"searchable\":false}},\"kind\":\"collectionType\"},\"modelType\":\"contentType\",\"modelName\":\"file\",\"connection\":\"default\",\"uid\":\"plugin::upload.file\",\"plugin\":\"upload\",\"globalId\":\"UploadFile\"},\"plugin::upload.folder\":{\"collectionName\":\"upload_folders\",\"info\":{\"singularName\":\"folder\",\"pluralName\":\"folders\",\"displayName\":\"Folder\"},\"options\":{},\"pluginOptions\":{\"content-manager\":{\"visible\":false},\"content-type-builder\":{\"visible\":false}},\"attributes\":{\"name\":{\"type\":\"string\",\"min\":1,\"required\":true},\"pathId\":{\"type\":\"integer\",\"unique\":true,\"required\":true},\"parent\":{\"type\":\"relation\",\"relation\":\"manyToOne\",\"target\":\"plugin::upload.folder\",\"inversedBy\":\"children\"},\"children\":{\"type\":\"relation\",\"relation\":\"oneToMany\",\"target\":\"plugin::upload.folder\",\"mappedBy\":\"parent\"},\"files\":{\"type\":\"relation\",\"relation\":\"oneToMany\",\"target\":\"plugin::upload.file\",\"mappedBy\":\"folder\"},\"path\":{\"type\":\"string\",\"min\":1,\"required\":true},\"createdAt\":{\"type\":\"datetime\"},\"updatedAt\":{\"type\":\"datetime\"},\"createdBy\":{\"type\":\"relation\",\"relation\":\"oneToOne\",\"target\":\"admin::user\",\"configurable\":false,\"writable\":false,\"visible\":false,\"useJoinTable\":false,\"private\":true},\"updatedBy\":{\"type\":\"relation\",\"relation\":\"oneToOne\",\"target\":\"admin::user\",\"configurable\":false,\"writable\":false,\"visible\":false,\"useJoinTable\":false,\"private\":true}},\"indexes\":[{\"name\":\"upload_folders_path_id_index\",\"columns\":[\"path_id\"],\"type\":\"unique\"},{\"name\":\"upload_folders_path_index\",\"columns\":[\"path\"],\"type\":\"unique\"}],\"kind\":\"collectionType\",\"__schema__\":{\"collectionName\":\"upload_folders\",\"info\":{\"singularName\":\"folder\",\"pluralName\":\"folders\",\"displayName\":\"Folder\"},\"options\":{},\"pluginOptions\":{\"content-manager\":{\"visible\":false},\"content-type-builder\":{\"visible\":false}},\"attributes\":{\"name\":{\"type\":\"string\",\"min\":1,\"required\":true},\"pathId\":{\"type\":\"integer\",\"unique\":true,\"required\":true},\"parent\":{\"type\":\"relation\",\"relation\":\"manyToOne\",\"target\":\"plugin::upload.folder\",\"inversedBy\":\"children\"},\"children\":{\"type\":\"relation\",\"relation\":\"oneToMany\",\"target\":\"plugin::upload.folder\",\"mappedBy\":\"parent\"},\"files\":{\"type\":\"relation\",\"relation\":\"oneToMany\",\"target\":\"plugin::upload.file\",\"mappedBy\":\"folder\"},\"path\":{\"type\":\"string\",\"min\":1,\"required\":true}},\"kind\":\"collectionType\"},\"modelType\":\"contentType\",\"modelName\":\"folder\",\"connection\":\"default\",\"uid\":\"plugin::upload.folder\",\"plugin\":\"upload\",\"globalId\":\"UploadFolder\"},\"plugin::i18n.locale\":{\"info\":{\"singularName\":\"locale\",\"pluralName\":\"locales\",\"collectionName\":\"locales\",\"displayName\":\"Locale\",\"description\":\"\"},\"options\":{\"draftAndPublish\":false},\"pluginOptions\":{\"content-manager\":{\"visible\":false},\"content-type-builder\":{\"visible\":false}},\"attributes\":{\"name\":{\"type\":\"string\",\"min\":1,\"max\":50,\"configurable\":false},\"code\":{\"type\":\"string\",\"unique\":true,\"configurable\":false},\"createdAt\":{\"type\":\"datetime\"},\"updatedAt\":{\"type\":\"datetime\"},\"createdBy\":{\"type\":\"relation\",\"relation\":\"oneToOne\",\"target\":\"admin::user\",\"configurable\":false,\"writable\":false,\"visible\":false,\"useJoinTable\":false,\"private\":true},\"updatedBy\":{\"type\":\"relation\",\"relation\":\"oneToOne\",\"target\":\"admin::user\",\"configurable\":false,\"writable\":false,\"visible\":false,\"useJoinTable\":false,\"private\":true}},\"kind\":\"collectionType\",\"__schema__\":{\"info\":{\"singularName\":\"locale\",\"pluralName\":\"locales\",\"collectionName\":\"locales\",\"displayName\":\"Locale\",\"description\":\"\"},\"options\":{\"draftAndPublish\":false},\"pluginOptions\":{\"content-manager\":{\"visible\":false},\"content-type-builder\":{\"visible\":false}},\"attributes\":{\"name\":{\"type\":\"string\",\"min\":1,\"max\":50,\"configurable\":false},\"code\":{\"type\":\"string\",\"unique\":true,\"configurable\":false}},\"kind\":\"collectionType\"},\"modelType\":\"contentType\",\"modelName\":\"locale\",\"connection\":\"default\",\"uid\":\"plugin::i18n.locale\",\"plugin\":\"i18n\",\"collectionName\":\"i18n_locale\",\"globalId\":\"I18NLocale\"},\"plugin::users-permissions.permission\":{\"collectionName\":\"up_permissions\",\"info\":{\"name\":\"permission\",\"description\":\"\",\"singularName\":\"permission\",\"pluralName\":\"permissions\",\"displayName\":\"Permission\"},\"pluginOptions\":{\"content-manager\":{\"visible\":false},\"content-type-builder\":{\"visible\":false}},\"attributes\":{\"action\":{\"type\":\"string\",\"required\":true,\"configurable\":false},\"role\":{\"type\":\"relation\",\"relation\":\"manyToOne\",\"target\":\"plugin::users-permissions.role\",\"inversedBy\":\"permissions\",\"configurable\":false},\"createdAt\":{\"type\":\"datetime\"},\"updatedAt\":{\"type\":\"datetime\"},\"createdBy\":{\"type\":\"relation\",\"relation\":\"oneToOne\",\"target\":\"admin::user\",\"configurable\":false,\"writable\":false,\"visible\":false,\"useJoinTable\":false,\"private\":true},\"updatedBy\":{\"type\":\"relation\",\"relation\":\"oneToOne\",\"target\":\"admin::user\",\"configurable\":false,\"writable\":false,\"visible\":false,\"useJoinTable\":false,\"private\":true}},\"kind\":\"collectionType\",\"__schema__\":{\"collectionName\":\"up_permissions\",\"info\":{\"name\":\"permission\",\"description\":\"\",\"singularName\":\"permission\",\"pluralName\":\"permissions\",\"displayName\":\"Permission\"},\"pluginOptions\":{\"content-manager\":{\"visible\":false},\"content-type-builder\":{\"visible\":false}},\"attributes\":{\"action\":{\"type\":\"string\",\"required\":true,\"configurable\":false},\"role\":{\"type\":\"relation\",\"relation\":\"manyToOne\",\"target\":\"plugin::users-permissions.role\",\"inversedBy\":\"permissions\",\"configurable\":false}},\"kind\":\"collectionType\"},\"modelType\":\"contentType\",\"modelName\":\"permission\",\"connection\":\"default\",\"uid\":\"plugin::users-permissions.permission\",\"plugin\":\"users-permissions\",\"globalId\":\"UsersPermissionsPermission\"},\"plugin::users-permissions.role\":{\"collectionName\":\"up_roles\",\"info\":{\"name\":\"role\",\"description\":\"\",\"singularName\":\"role\",\"pluralName\":\"roles\",\"displayName\":\"Role\"},\"pluginOptions\":{\"content-manager\":{\"visible\":false},\"content-type-builder\":{\"visible\":false}},\"attributes\":{\"name\":{\"type\":\"string\",\"minLength\":3,\"required\":true,\"configurable\":false},\"description\":{\"type\":\"string\",\"configurable\":false},\"type\":{\"type\":\"string\",\"unique\":true,\"configurable\":false},\"permissions\":{\"type\":\"relation\",\"relation\":\"oneToMany\",\"target\":\"plugin::users-permissions.permission\",\"mappedBy\":\"role\",\"configurable\":false},\"users\":{\"type\":\"relation\",\"relation\":\"oneToMany\",\"target\":\"plugin::users-permissions.user\",\"mappedBy\":\"role\",\"configurable\":false},\"createdAt\":{\"type\":\"datetime\"},\"updatedAt\":{\"type\":\"datetime\"},\"createdBy\":{\"type\":\"relation\",\"relation\":\"oneToOne\",\"target\":\"admin::user\",\"configurable\":false,\"writable\":false,\"visible\":false,\"useJoinTable\":false,\"private\":true},\"updatedBy\":{\"type\":\"relation\",\"relation\":\"oneToOne\",\"target\":\"admin::user\",\"configurable\":false,\"writable\":false,\"visible\":false,\"useJoinTable\":false,\"private\":true}},\"kind\":\"collectionType\",\"__schema__\":{\"collectionName\":\"up_roles\",\"info\":{\"name\":\"role\",\"description\":\"\",\"singularName\":\"role\",\"pluralName\":\"roles\",\"displayName\":\"Role\"},\"pluginOptions\":{\"content-manager\":{\"visible\":false},\"content-type-builder\":{\"visible\":false}},\"attributes\":{\"name\":{\"type\":\"string\",\"minLength\":3,\"required\":true,\"configurable\":false},\"description\":{\"type\":\"string\",\"configurable\":false},\"type\":{\"type\":\"string\",\"unique\":true,\"configurable\":false},\"permissions\":{\"type\":\"relation\",\"relation\":\"oneToMany\",\"target\":\"plugin::users-permissions.permission\",\"mappedBy\":\"role\",\"configurable\":false},\"users\":{\"type\":\"relation\",\"relation\":\"oneToMany\",\"target\":\"plugin::users-permissions.user\",\"mappedBy\":\"role\",\"configurable\":false}},\"kind\":\"collectionType\"},\"modelType\":\"contentType\",\"modelName\":\"role\",\"connection\":\"default\",\"uid\":\"plugin::users-permissions.role\",\"plugin\":\"users-permissions\",\"globalId\":\"UsersPermissionsRole\"},\"plugin::users-permissions.user\":{\"collectionName\":\"up_users\",\"info\":{\"name\":\"user\",\"description\":\"\",\"singularName\":\"user\",\"pluralName\":\"users\",\"displayName\":\"User\"},\"options\":{\"draftAndPublish\":false},\"attributes\":{\"username\":{\"type\":\"string\",\"minLength\":3,\"unique\":true,\"configurable\":false,\"required\":true},\"email\":{\"type\":\"email\",\"minLength\":6,\"configurable\":false,\"required\":true},\"provider\":{\"type\":\"string\",\"configurable\":false},\"password\":{\"type\":\"password\",\"minLength\":6,\"configurable\":false,\"private\":true,\"searchable\":false},\"resetPasswordToken\":{\"type\":\"string\",\"configurable\":false,\"private\":true,\"searchable\":false},\"confirmationToken\":{\"type\":\"string\",\"configurable\":false,\"private\":true,\"searchable\":false},\"confirmed\":{\"type\":\"boolean\",\"default\":false,\"configurable\":false},\"blocked\":{\"type\":\"boolean\",\"default\":false,\"configurable\":false},\"role\":{\"type\":\"relation\",\"relation\":\"manyToOne\",\"target\":\"plugin::users-permissions.role\",\"inversedBy\":\"users\",\"configurable\":false},\"usertype\":{\"type\":\"string\",\"required\":true},\"createdAt\":{\"type\":\"datetime\"},\"updatedAt\":{\"type\":\"datetime\"},\"createdBy\":{\"type\":\"relation\",\"relation\":\"oneToOne\",\"target\":\"admin::user\",\"configurable\":false,\"writable\":false,\"visible\":false,\"useJoinTable\":false,\"private\":true},\"updatedBy\":{\"type\":\"relation\",\"relation\":\"oneToOne\",\"target\":\"admin::user\",\"configurable\":false,\"writable\":false,\"visible\":false,\"useJoinTable\":false,\"private\":true}},\"config\":{\"attributes\":{\"resetPasswordToken\":{\"hidden\":true},\"confirmationToken\":{\"hidden\":true},\"provider\":{\"hidden\":true}}},\"kind\":\"collectionType\",\"__filename__\":\"schema.json\",\"__schema__\":{\"collectionName\":\"up_users\",\"info\":{\"name\":\"user\",\"description\":\"\",\"singularName\":\"user\",\"pluralName\":\"users\",\"displayName\":\"User\"},\"options\":{\"draftAndPublish\":false},\"attributes\":{\"username\":{\"type\":\"string\",\"minLength\":3,\"unique\":true,\"configurable\":false,\"required\":true},\"email\":{\"type\":\"email\",\"minLength\":6,\"configurable\":false,\"required\":true},\"provider\":{\"type\":\"string\",\"configurable\":false},\"password\":{\"type\":\"password\",\"minLength\":6,\"configurable\":false,\"private\":true,\"searchable\":false},\"resetPasswordToken\":{\"type\":\"string\",\"configurable\":false,\"private\":true,\"searchable\":false},\"confirmationToken\":{\"type\":\"string\",\"configurable\":false,\"private\":true,\"searchable\":false},\"confirmed\":{\"type\":\"boolean\",\"default\":false,\"configurable\":false},\"blocked\":{\"type\":\"boolean\",\"default\":false,\"configurable\":false},\"role\":{\"type\":\"relation\",\"relation\":\"manyToOne\",\"target\":\"plugin::users-permissions.role\",\"inversedBy\":\"users\",\"configurable\":false},\"usertype\":{\"type\":\"string\",\"required\":true}},\"kind\":\"collectionType\"},\"modelType\":\"contentType\",\"modelName\":\"user\",\"connection\":\"default\",\"uid\":\"plugin::users-permissions.user\",\"plugin\":\"users-permissions\",\"globalId\":\"UsersPermissionsUser\"}}', 'object', NULL, NULL),
(2, 'plugin_content_manager_configuration_content_types::admin::permission', '{\"uid\":\"admin::permission\",\"settings\":{\"bulkable\":true,\"filterable\":true,\"searchable\":true,\"pageSize\":10,\"mainField\":\"action\",\"defaultSortBy\":\"action\",\"defaultSortOrder\":\"ASC\"},\"metadatas\":{\"id\":{\"edit\":{},\"list\":{\"label\":\"id\",\"searchable\":true,\"sortable\":true}},\"action\":{\"edit\":{\"label\":\"action\",\"description\":\"\",\"placeholder\":\"\",\"visible\":true,\"editable\":true},\"list\":{\"label\":\"action\",\"searchable\":true,\"sortable\":true}},\"subject\":{\"edit\":{\"label\":\"subject\",\"description\":\"\",\"placeholder\":\"\",\"visible\":true,\"editable\":true},\"list\":{\"label\":\"subject\",\"searchable\":true,\"sortable\":true}},\"properties\":{\"edit\":{\"label\":\"properties\",\"description\":\"\",\"placeholder\":\"\",\"visible\":true,\"editable\":true},\"list\":{\"label\":\"properties\",\"searchable\":false,\"sortable\":false}},\"conditions\":{\"edit\":{\"label\":\"conditions\",\"description\":\"\",\"placeholder\":\"\",\"visible\":true,\"editable\":true},\"list\":{\"label\":\"conditions\",\"searchable\":false,\"sortable\":false}},\"role\":{\"edit\":{\"label\":\"role\",\"description\":\"\",\"placeholder\":\"\",\"visible\":true,\"editable\":true,\"mainField\":\"name\"},\"list\":{\"label\":\"role\",\"searchable\":true,\"sortable\":true}},\"createdAt\":{\"edit\":{\"label\":\"createdAt\",\"description\":\"\",\"placeholder\":\"\",\"visible\":false,\"editable\":true},\"list\":{\"label\":\"createdAt\",\"searchable\":true,\"sortable\":true}},\"updatedAt\":{\"edit\":{\"label\":\"updatedAt\",\"description\":\"\",\"placeholder\":\"\",\"visible\":false,\"editable\":true},\"list\":{\"label\":\"updatedAt\",\"searchable\":true,\"sortable\":true}}},\"layouts\":{\"list\":[\"id\",\"action\",\"subject\",\"role\"],\"edit\":[[{\"name\":\"action\",\"size\":6},{\"name\":\"subject\",\"size\":6}],[{\"name\":\"properties\",\"size\":12}],[{\"name\":\"conditions\",\"size\":12}],[{\"name\":\"role\",\"size\":6}]]}}', 'object', NULL, NULL),
(3, 'plugin_content_manager_configuration_content_types::admin::user', '{\"uid\":\"admin::user\",\"settings\":{\"bulkable\":true,\"filterable\":true,\"searchable\":true,\"pageSize\":10,\"mainField\":\"firstname\",\"defaultSortBy\":\"firstname\",\"defaultSortOrder\":\"ASC\"},\"metadatas\":{\"id\":{\"edit\":{},\"list\":{\"label\":\"id\",\"searchable\":true,\"sortable\":true}},\"firstname\":{\"edit\":{\"label\":\"firstname\",\"description\":\"\",\"placeholder\":\"\",\"visible\":true,\"editable\":true},\"list\":{\"label\":\"firstname\",\"searchable\":true,\"sortable\":true}},\"lastname\":{\"edit\":{\"label\":\"lastname\",\"description\":\"\",\"placeholder\":\"\",\"visible\":true,\"editable\":true},\"list\":{\"label\":\"lastname\",\"searchable\":true,\"sortable\":true}},\"username\":{\"edit\":{\"label\":\"username\",\"description\":\"\",\"placeholder\":\"\",\"visible\":true,\"editable\":true},\"list\":{\"label\":\"username\",\"searchable\":true,\"sortable\":true}},\"email\":{\"edit\":{\"label\":\"email\",\"description\":\"\",\"placeholder\":\"\",\"visible\":true,\"editable\":true},\"list\":{\"label\":\"email\",\"searchable\":true,\"sortable\":true}},\"password\":{\"edit\":{\"label\":\"password\",\"description\":\"\",\"placeholder\":\"\",\"visible\":true,\"editable\":true},\"list\":{\"label\":\"password\",\"searchable\":true,\"sortable\":true}},\"resetPasswordToken\":{\"edit\":{\"label\":\"resetPasswordToken\",\"description\":\"\",\"placeholder\":\"\",\"visible\":true,\"editable\":true},\"list\":{\"label\":\"resetPasswordToken\",\"searchable\":true,\"sortable\":true}},\"registrationToken\":{\"edit\":{\"label\":\"registrationToken\",\"description\":\"\",\"placeholder\":\"\",\"visible\":true,\"editable\":true},\"list\":{\"label\":\"registrationToken\",\"searchable\":true,\"sortable\":true}},\"isActive\":{\"edit\":{\"label\":\"isActive\",\"description\":\"\",\"placeholder\":\"\",\"visible\":true,\"editable\":true},\"list\":{\"label\":\"isActive\",\"searchable\":true,\"sortable\":true}},\"roles\":{\"edit\":{\"label\":\"roles\",\"description\":\"\",\"placeholder\":\"\",\"visible\":true,\"editable\":true,\"mainField\":\"name\"},\"list\":{\"label\":\"roles\",\"searchable\":false,\"sortable\":false}},\"blocked\":{\"edit\":{\"label\":\"blocked\",\"description\":\"\",\"placeholder\":\"\",\"visible\":true,\"editable\":true},\"list\":{\"label\":\"blocked\",\"searchable\":true,\"sortable\":true}},\"preferedLanguage\":{\"edit\":{\"label\":\"preferedLanguage\",\"description\":\"\",\"placeholder\":\"\",\"visible\":true,\"editable\":true},\"list\":{\"label\":\"preferedLanguage\",\"searchable\":true,\"sortable\":true}},\"createdAt\":{\"edit\":{\"label\":\"createdAt\",\"description\":\"\",\"placeholder\":\"\",\"visible\":false,\"editable\":true},\"list\":{\"label\":\"createdAt\",\"searchable\":true,\"sortable\":true}},\"updatedAt\":{\"edit\":{\"label\":\"updatedAt\",\"description\":\"\",\"placeholder\":\"\",\"visible\":false,\"editable\":true},\"list\":{\"label\":\"updatedAt\",\"searchable\":true,\"sortable\":true}}},\"layouts\":{\"list\":[\"id\",\"firstname\",\"lastname\",\"username\"],\"edit\":[[{\"name\":\"firstname\",\"size\":6},{\"name\":\"lastname\",\"size\":6}],[{\"name\":\"username\",\"size\":6},{\"name\":\"email\",\"size\":6}],[{\"name\":\"password\",\"size\":6},{\"name\":\"resetPasswordToken\",\"size\":6}],[{\"name\":\"registrationToken\",\"size\":6},{\"name\":\"isActive\",\"size\":4}],[{\"name\":\"roles\",\"size\":6},{\"name\":\"blocked\",\"size\":4}],[{\"name\":\"preferedLanguage\",\"size\":6}]]}}', 'object', NULL, NULL),
(4, 'plugin_content_manager_configuration_content_types::admin::role', '{\"uid\":\"admin::role\",\"settings\":{\"bulkable\":true,\"filterable\":true,\"searchable\":true,\"pageSize\":10,\"mainField\":\"name\",\"defaultSortBy\":\"name\",\"defaultSortOrder\":\"ASC\"},\"metadatas\":{\"id\":{\"edit\":{},\"list\":{\"label\":\"id\",\"searchable\":true,\"sortable\":true}},\"name\":{\"edit\":{\"label\":\"name\",\"description\":\"\",\"placeholder\":\"\",\"visible\":true,\"editable\":true},\"list\":{\"label\":\"name\",\"searchable\":true,\"sortable\":true}},\"code\":{\"edit\":{\"label\":\"code\",\"description\":\"\",\"placeholder\":\"\",\"visible\":true,\"editable\":true},\"list\":{\"label\":\"code\",\"searchable\":true,\"sortable\":true}},\"description\":{\"edit\":{\"label\":\"description\",\"description\":\"\",\"placeholder\":\"\",\"visible\":true,\"editable\":true},\"list\":{\"label\":\"description\",\"searchable\":true,\"sortable\":true}},\"users\":{\"edit\":{\"label\":\"users\",\"description\":\"\",\"placeholder\":\"\",\"visible\":true,\"editable\":true,\"mainField\":\"firstname\"},\"list\":{\"label\":\"users\",\"searchable\":false,\"sortable\":false}},\"permissions\":{\"edit\":{\"label\":\"permissions\",\"description\":\"\",\"placeholder\":\"\",\"visible\":true,\"editable\":true,\"mainField\":\"action\"},\"list\":{\"label\":\"permissions\",\"searchable\":false,\"sortable\":false}},\"createdAt\":{\"edit\":{\"label\":\"createdAt\",\"description\":\"\",\"placeholder\":\"\",\"visible\":false,\"editable\":true},\"list\":{\"label\":\"createdAt\",\"searchable\":true,\"sortable\":true}},\"updatedAt\":{\"edit\":{\"label\":\"updatedAt\",\"description\":\"\",\"placeholder\":\"\",\"visible\":false,\"editable\":true},\"list\":{\"label\":\"updatedAt\",\"searchable\":true,\"sortable\":true}}},\"layouts\":{\"list\":[\"id\",\"name\",\"code\",\"description\"],\"edit\":[[{\"name\":\"name\",\"size\":6},{\"name\":\"code\",\"size\":6}],[{\"name\":\"description\",\"size\":6},{\"name\":\"users\",\"size\":6}],[{\"name\":\"permissions\",\"size\":6}]]}}', 'object', NULL, NULL);
INSERT INTO `strapi_core_store_settings` (`id`, `key`, `value`, `type`, `environment`, `tag`) VALUES
(5, 'plugin_content_manager_configuration_content_types::admin::api-token', '{\"uid\":\"admin::api-token\",\"settings\":{\"bulkable\":true,\"filterable\":true,\"searchable\":true,\"pageSize\":10,\"mainField\":\"name\",\"defaultSortBy\":\"name\",\"defaultSortOrder\":\"ASC\"},\"metadatas\":{\"id\":{\"edit\":{},\"list\":{\"label\":\"id\",\"searchable\":true,\"sortable\":true}},\"name\":{\"edit\":{\"label\":\"name\",\"description\":\"\",\"placeholder\":\"\",\"visible\":true,\"editable\":true},\"list\":{\"label\":\"name\",\"searchable\":true,\"sortable\":true}},\"description\":{\"edit\":{\"label\":\"description\",\"description\":\"\",\"placeholder\":\"\",\"visible\":true,\"editable\":true},\"list\":{\"label\":\"description\",\"searchable\":true,\"sortable\":true}},\"type\":{\"edit\":{\"label\":\"type\",\"description\":\"\",\"placeholder\":\"\",\"visible\":true,\"editable\":true},\"list\":{\"label\":\"type\",\"searchable\":true,\"sortable\":true}},\"accessKey\":{\"edit\":{\"label\":\"accessKey\",\"description\":\"\",\"placeholder\":\"\",\"visible\":true,\"editable\":true},\"list\":{\"label\":\"accessKey\",\"searchable\":true,\"sortable\":true}},\"lastUsedAt\":{\"edit\":{\"label\":\"lastUsedAt\",\"description\":\"\",\"placeholder\":\"\",\"visible\":true,\"editable\":true},\"list\":{\"label\":\"lastUsedAt\",\"searchable\":true,\"sortable\":true}},\"permissions\":{\"edit\":{\"label\":\"permissions\",\"description\":\"\",\"placeholder\":\"\",\"visible\":true,\"editable\":true,\"mainField\":\"action\"},\"list\":{\"label\":\"permissions\",\"searchable\":false,\"sortable\":false}},\"expiresAt\":{\"edit\":{\"label\":\"expiresAt\",\"description\":\"\",\"placeholder\":\"\",\"visible\":true,\"editable\":true},\"list\":{\"label\":\"expiresAt\",\"searchable\":true,\"sortable\":true}},\"lifespan\":{\"edit\":{\"label\":\"lifespan\",\"description\":\"\",\"placeholder\":\"\",\"visible\":true,\"editable\":true},\"list\":{\"label\":\"lifespan\",\"searchable\":true,\"sortable\":true}},\"createdAt\":{\"edit\":{\"label\":\"createdAt\",\"description\":\"\",\"placeholder\":\"\",\"visible\":false,\"editable\":true},\"list\":{\"label\":\"createdAt\",\"searchable\":true,\"sortable\":true}},\"updatedAt\":{\"edit\":{\"label\":\"updatedAt\",\"description\":\"\",\"placeholder\":\"\",\"visible\":false,\"editable\":true},\"list\":{\"label\":\"updatedAt\",\"searchable\":true,\"sortable\":true}}},\"layouts\":{\"list\":[\"id\",\"name\",\"description\",\"type\"],\"edit\":[[{\"name\":\"name\",\"size\":6},{\"name\":\"description\",\"size\":6}],[{\"name\":\"type\",\"size\":6},{\"name\":\"accessKey\",\"size\":6}],[{\"name\":\"lastUsedAt\",\"size\":6},{\"name\":\"permissions\",\"size\":6}],[{\"name\":\"expiresAt\",\"size\":6},{\"name\":\"lifespan\",\"size\":4}]]}}', 'object', NULL, NULL),
(6, 'plugin_content_manager_configuration_content_types::admin::transfer-token-permission', '{\"uid\":\"admin::transfer-token-permission\",\"settings\":{\"bulkable\":true,\"filterable\":true,\"searchable\":true,\"pageSize\":10,\"mainField\":\"action\",\"defaultSortBy\":\"action\",\"defaultSortOrder\":\"ASC\"},\"metadatas\":{\"id\":{\"edit\":{},\"list\":{\"label\":\"id\",\"searchable\":true,\"sortable\":true}},\"action\":{\"edit\":{\"label\":\"action\",\"description\":\"\",\"placeholder\":\"\",\"visible\":true,\"editable\":true},\"list\":{\"label\":\"action\",\"searchable\":true,\"sortable\":true}},\"token\":{\"edit\":{\"label\":\"token\",\"description\":\"\",\"placeholder\":\"\",\"visible\":true,\"editable\":true,\"mainField\":\"name\"},\"list\":{\"label\":\"token\",\"searchable\":true,\"sortable\":true}},\"createdAt\":{\"edit\":{\"label\":\"createdAt\",\"description\":\"\",\"placeholder\":\"\",\"visible\":false,\"editable\":true},\"list\":{\"label\":\"createdAt\",\"searchable\":true,\"sortable\":true}},\"updatedAt\":{\"edit\":{\"label\":\"updatedAt\",\"description\":\"\",\"placeholder\":\"\",\"visible\":false,\"editable\":true},\"list\":{\"label\":\"updatedAt\",\"searchable\":true,\"sortable\":true}}},\"layouts\":{\"list\":[\"id\",\"action\",\"token\",\"createdAt\"],\"edit\":[[{\"name\":\"action\",\"size\":6},{\"name\":\"token\",\"size\":6}]]}}', 'object', NULL, NULL),
(7, 'plugin_content_manager_configuration_content_types::plugin::upload.file', '{\"uid\":\"plugin::upload.file\",\"settings\":{\"bulkable\":true,\"filterable\":true,\"searchable\":true,\"pageSize\":10,\"mainField\":\"name\",\"defaultSortBy\":\"name\",\"defaultSortOrder\":\"ASC\"},\"metadatas\":{\"id\":{\"edit\":{},\"list\":{\"label\":\"id\",\"searchable\":true,\"sortable\":true}},\"name\":{\"edit\":{\"label\":\"name\",\"description\":\"\",\"placeholder\":\"\",\"visible\":true,\"editable\":true},\"list\":{\"label\":\"name\",\"searchable\":true,\"sortable\":true}},\"alternativeText\":{\"edit\":{\"label\":\"alternativeText\",\"description\":\"\",\"placeholder\":\"\",\"visible\":true,\"editable\":true},\"list\":{\"label\":\"alternativeText\",\"searchable\":true,\"sortable\":true}},\"caption\":{\"edit\":{\"label\":\"caption\",\"description\":\"\",\"placeholder\":\"\",\"visible\":true,\"editable\":true},\"list\":{\"label\":\"caption\",\"searchable\":true,\"sortable\":true}},\"width\":{\"edit\":{\"label\":\"width\",\"description\":\"\",\"placeholder\":\"\",\"visible\":true,\"editable\":true},\"list\":{\"label\":\"width\",\"searchable\":true,\"sortable\":true}},\"height\":{\"edit\":{\"label\":\"height\",\"description\":\"\",\"placeholder\":\"\",\"visible\":true,\"editable\":true},\"list\":{\"label\":\"height\",\"searchable\":true,\"sortable\":true}},\"formats\":{\"edit\":{\"label\":\"formats\",\"description\":\"\",\"placeholder\":\"\",\"visible\":true,\"editable\":true},\"list\":{\"label\":\"formats\",\"searchable\":false,\"sortable\":false}},\"hash\":{\"edit\":{\"label\":\"hash\",\"description\":\"\",\"placeholder\":\"\",\"visible\":true,\"editable\":true},\"list\":{\"label\":\"hash\",\"searchable\":true,\"sortable\":true}},\"ext\":{\"edit\":{\"label\":\"ext\",\"description\":\"\",\"placeholder\":\"\",\"visible\":true,\"editable\":true},\"list\":{\"label\":\"ext\",\"searchable\":true,\"sortable\":true}},\"mime\":{\"edit\":{\"label\":\"mime\",\"description\":\"\",\"placeholder\":\"\",\"visible\":true,\"editable\":true},\"list\":{\"label\":\"mime\",\"searchable\":true,\"sortable\":true}},\"size\":{\"edit\":{\"label\":\"size\",\"description\":\"\",\"placeholder\":\"\",\"visible\":true,\"editable\":true},\"list\":{\"label\":\"size\",\"searchable\":true,\"sortable\":true}},\"url\":{\"edit\":{\"label\":\"url\",\"description\":\"\",\"placeholder\":\"\",\"visible\":true,\"editable\":true},\"list\":{\"label\":\"url\",\"searchable\":true,\"sortable\":true}},\"previewUrl\":{\"edit\":{\"label\":\"previewUrl\",\"description\":\"\",\"placeholder\":\"\",\"visible\":true,\"editable\":true},\"list\":{\"label\":\"previewUrl\",\"searchable\":true,\"sortable\":true}},\"provider\":{\"edit\":{\"label\":\"provider\",\"description\":\"\",\"placeholder\":\"\",\"visible\":true,\"editable\":true},\"list\":{\"label\":\"provider\",\"searchable\":true,\"sortable\":true}},\"provider_metadata\":{\"edit\":{\"label\":\"provider_metadata\",\"description\":\"\",\"placeholder\":\"\",\"visible\":true,\"editable\":true},\"list\":{\"label\":\"provider_metadata\",\"searchable\":false,\"sortable\":false}},\"folder\":{\"edit\":{\"label\":\"folder\",\"description\":\"\",\"placeholder\":\"\",\"visible\":true,\"editable\":true,\"mainField\":\"name\"},\"list\":{\"label\":\"folder\",\"searchable\":true,\"sortable\":true}},\"folderPath\":{\"edit\":{\"label\":\"folderPath\",\"description\":\"\",\"placeholder\":\"\",\"visible\":true,\"editable\":true},\"list\":{\"label\":\"folderPath\",\"searchable\":true,\"sortable\":true}},\"createdAt\":{\"edit\":{\"label\":\"createdAt\",\"description\":\"\",\"placeholder\":\"\",\"visible\":false,\"editable\":true},\"list\":{\"label\":\"createdAt\",\"searchable\":true,\"sortable\":true}},\"updatedAt\":{\"edit\":{\"label\":\"updatedAt\",\"description\":\"\",\"placeholder\":\"\",\"visible\":false,\"editable\":true},\"list\":{\"label\":\"updatedAt\",\"searchable\":true,\"sortable\":true}}},\"layouts\":{\"list\":[\"id\",\"name\",\"alternativeText\",\"caption\"],\"edit\":[[{\"name\":\"name\",\"size\":6},{\"name\":\"alternativeText\",\"size\":6}],[{\"name\":\"caption\",\"size\":6},{\"name\":\"width\",\"size\":4}],[{\"name\":\"height\",\"size\":4}],[{\"name\":\"formats\",\"size\":12}],[{\"name\":\"hash\",\"size\":6},{\"name\":\"ext\",\"size\":6}],[{\"name\":\"mime\",\"size\":6},{\"name\":\"size\",\"size\":4}],[{\"name\":\"url\",\"size\":6},{\"name\":\"previewUrl\",\"size\":6}],[{\"name\":\"provider\",\"size\":6}],[{\"name\":\"provider_metadata\",\"size\":12}],[{\"name\":\"folder\",\"size\":6},{\"name\":\"folderPath\",\"size\":6}]]}}', 'object', NULL, NULL),
(8, 'plugin_content_manager_configuration_content_types::plugin::upload.folder', '{\"uid\":\"plugin::upload.folder\",\"settings\":{\"bulkable\":true,\"filterable\":true,\"searchable\":true,\"pageSize\":10,\"mainField\":\"name\",\"defaultSortBy\":\"name\",\"defaultSortOrder\":\"ASC\"},\"metadatas\":{\"id\":{\"edit\":{},\"list\":{\"label\":\"id\",\"searchable\":true,\"sortable\":true}},\"name\":{\"edit\":{\"label\":\"name\",\"description\":\"\",\"placeholder\":\"\",\"visible\":true,\"editable\":true},\"list\":{\"label\":\"name\",\"searchable\":true,\"sortable\":true}},\"pathId\":{\"edit\":{\"label\":\"pathId\",\"description\":\"\",\"placeholder\":\"\",\"visible\":true,\"editable\":true},\"list\":{\"label\":\"pathId\",\"searchable\":true,\"sortable\":true}},\"parent\":{\"edit\":{\"label\":\"parent\",\"description\":\"\",\"placeholder\":\"\",\"visible\":true,\"editable\":true,\"mainField\":\"name\"},\"list\":{\"label\":\"parent\",\"searchable\":true,\"sortable\":true}},\"children\":{\"edit\":{\"label\":\"children\",\"description\":\"\",\"placeholder\":\"\",\"visible\":true,\"editable\":true,\"mainField\":\"name\"},\"list\":{\"label\":\"children\",\"searchable\":false,\"sortable\":false}},\"files\":{\"edit\":{\"label\":\"files\",\"description\":\"\",\"placeholder\":\"\",\"visible\":true,\"editable\":true,\"mainField\":\"name\"},\"list\":{\"label\":\"files\",\"searchable\":false,\"sortable\":false}},\"path\":{\"edit\":{\"label\":\"path\",\"description\":\"\",\"placeholder\":\"\",\"visible\":true,\"editable\":true},\"list\":{\"label\":\"path\",\"searchable\":true,\"sortable\":true}},\"createdAt\":{\"edit\":{\"label\":\"createdAt\",\"description\":\"\",\"placeholder\":\"\",\"visible\":false,\"editable\":true},\"list\":{\"label\":\"createdAt\",\"searchable\":true,\"sortable\":true}},\"updatedAt\":{\"edit\":{\"label\":\"updatedAt\",\"description\":\"\",\"placeholder\":\"\",\"visible\":false,\"editable\":true},\"list\":{\"label\":\"updatedAt\",\"searchable\":true,\"sortable\":true}}},\"layouts\":{\"list\":[\"id\",\"name\",\"pathId\",\"parent\"],\"edit\":[[{\"name\":\"name\",\"size\":6},{\"name\":\"pathId\",\"size\":4}],[{\"name\":\"parent\",\"size\":6},{\"name\":\"children\",\"size\":6}],[{\"name\":\"files\",\"size\":6},{\"name\":\"path\",\"size\":6}]]}}', 'object', NULL, NULL),
(9, 'plugin_content_manager_configuration_content_types::plugin::users-permissions.permission', '{\"uid\":\"plugin::users-permissions.permission\",\"settings\":{\"bulkable\":true,\"filterable\":true,\"searchable\":true,\"pageSize\":10,\"mainField\":\"action\",\"defaultSortBy\":\"action\",\"defaultSortOrder\":\"ASC\"},\"metadatas\":{\"id\":{\"edit\":{},\"list\":{\"label\":\"id\",\"searchable\":true,\"sortable\":true}},\"action\":{\"edit\":{\"label\":\"action\",\"description\":\"\",\"placeholder\":\"\",\"visible\":true,\"editable\":true},\"list\":{\"label\":\"action\",\"searchable\":true,\"sortable\":true}},\"role\":{\"edit\":{\"label\":\"role\",\"description\":\"\",\"placeholder\":\"\",\"visible\":true,\"editable\":true,\"mainField\":\"name\"},\"list\":{\"label\":\"role\",\"searchable\":true,\"sortable\":true}},\"createdAt\":{\"edit\":{\"label\":\"createdAt\",\"description\":\"\",\"placeholder\":\"\",\"visible\":false,\"editable\":true},\"list\":{\"label\":\"createdAt\",\"searchable\":true,\"sortable\":true}},\"updatedAt\":{\"edit\":{\"label\":\"updatedAt\",\"description\":\"\",\"placeholder\":\"\",\"visible\":false,\"editable\":true},\"list\":{\"label\":\"updatedAt\",\"searchable\":true,\"sortable\":true}}},\"layouts\":{\"list\":[\"id\",\"action\",\"role\",\"createdAt\"],\"edit\":[[{\"name\":\"action\",\"size\":6},{\"name\":\"role\",\"size\":6}]]}}', 'object', NULL, NULL),
(10, 'plugin_content_manager_configuration_content_types::admin::api-token-permission', '{\"uid\":\"admin::api-token-permission\",\"settings\":{\"bulkable\":true,\"filterable\":true,\"searchable\":true,\"pageSize\":10,\"mainField\":\"action\",\"defaultSortBy\":\"action\",\"defaultSortOrder\":\"ASC\"},\"metadatas\":{\"id\":{\"edit\":{},\"list\":{\"label\":\"id\",\"searchable\":true,\"sortable\":true}},\"action\":{\"edit\":{\"label\":\"action\",\"description\":\"\",\"placeholder\":\"\",\"visible\":true,\"editable\":true},\"list\":{\"label\":\"action\",\"searchable\":true,\"sortable\":true}},\"token\":{\"edit\":{\"label\":\"token\",\"description\":\"\",\"placeholder\":\"\",\"visible\":true,\"editable\":true,\"mainField\":\"name\"},\"list\":{\"label\":\"token\",\"searchable\":true,\"sortable\":true}},\"createdAt\":{\"edit\":{\"label\":\"createdAt\",\"description\":\"\",\"placeholder\":\"\",\"visible\":false,\"editable\":true},\"list\":{\"label\":\"createdAt\",\"searchable\":true,\"sortable\":true}},\"updatedAt\":{\"edit\":{\"label\":\"updatedAt\",\"description\":\"\",\"placeholder\":\"\",\"visible\":false,\"editable\":true},\"list\":{\"label\":\"updatedAt\",\"searchable\":true,\"sortable\":true}}},\"layouts\":{\"list\":[\"id\",\"action\",\"token\",\"createdAt\"],\"edit\":[[{\"name\":\"action\",\"size\":6},{\"name\":\"token\",\"size\":6}]]}}', 'object', NULL, NULL),
(11, 'plugin_content_manager_configuration_content_types::admin::transfer-token', '{\"uid\":\"admin::transfer-token\",\"settings\":{\"bulkable\":true,\"filterable\":true,\"searchable\":true,\"pageSize\":10,\"mainField\":\"name\",\"defaultSortBy\":\"name\",\"defaultSortOrder\":\"ASC\"},\"metadatas\":{\"id\":{\"edit\":{},\"list\":{\"label\":\"id\",\"searchable\":true,\"sortable\":true}},\"name\":{\"edit\":{\"label\":\"name\",\"description\":\"\",\"placeholder\":\"\",\"visible\":true,\"editable\":true},\"list\":{\"label\":\"name\",\"searchable\":true,\"sortable\":true}},\"description\":{\"edit\":{\"label\":\"description\",\"description\":\"\",\"placeholder\":\"\",\"visible\":true,\"editable\":true},\"list\":{\"label\":\"description\",\"searchable\":true,\"sortable\":true}},\"accessKey\":{\"edit\":{\"label\":\"accessKey\",\"description\":\"\",\"placeholder\":\"\",\"visible\":true,\"editable\":true},\"list\":{\"label\":\"accessKey\",\"searchable\":true,\"sortable\":true}},\"lastUsedAt\":{\"edit\":{\"label\":\"lastUsedAt\",\"description\":\"\",\"placeholder\":\"\",\"visible\":true,\"editable\":true},\"list\":{\"label\":\"lastUsedAt\",\"searchable\":true,\"sortable\":true}},\"permissions\":{\"edit\":{\"label\":\"permissions\",\"description\":\"\",\"placeholder\":\"\",\"visible\":true,\"editable\":true,\"mainField\":\"action\"},\"list\":{\"label\":\"permissions\",\"searchable\":false,\"sortable\":false}},\"expiresAt\":{\"edit\":{\"label\":\"expiresAt\",\"description\":\"\",\"placeholder\":\"\",\"visible\":true,\"editable\":true},\"list\":{\"label\":\"expiresAt\",\"searchable\":true,\"sortable\":true}},\"lifespan\":{\"edit\":{\"label\":\"lifespan\",\"description\":\"\",\"placeholder\":\"\",\"visible\":true,\"editable\":true},\"list\":{\"label\":\"lifespan\",\"searchable\":true,\"sortable\":true}},\"createdAt\":{\"edit\":{\"label\":\"createdAt\",\"description\":\"\",\"placeholder\":\"\",\"visible\":false,\"editable\":true},\"list\":{\"label\":\"createdAt\",\"searchable\":true,\"sortable\":true}},\"updatedAt\":{\"edit\":{\"label\":\"updatedAt\",\"description\":\"\",\"placeholder\":\"\",\"visible\":false,\"editable\":true},\"list\":{\"label\":\"updatedAt\",\"searchable\":true,\"sortable\":true}}},\"layouts\":{\"list\":[\"id\",\"name\",\"description\",\"accessKey\"],\"edit\":[[{\"name\":\"name\",\"size\":6},{\"name\":\"description\",\"size\":6}],[{\"name\":\"accessKey\",\"size\":6},{\"name\":\"lastUsedAt\",\"size\":6}],[{\"name\":\"permissions\",\"size\":6},{\"name\":\"expiresAt\",\"size\":6}],[{\"name\":\"lifespan\",\"size\":4}]]}}', 'object', NULL, NULL),
(12, 'plugin_content_manager_configuration_content_types::plugin::users-permissions.user', '{\"uid\":\"plugin::users-permissions.user\",\"settings\":{\"bulkable\":true,\"filterable\":true,\"searchable\":true,\"pageSize\":10,\"mainField\":\"username\",\"defaultSortBy\":\"username\",\"defaultSortOrder\":\"ASC\"},\"metadatas\":{\"id\":{\"edit\":{},\"list\":{\"label\":\"id\",\"searchable\":true,\"sortable\":true}},\"username\":{\"edit\":{\"label\":\"username\",\"description\":\"\",\"placeholder\":\"\",\"visible\":true,\"editable\":true},\"list\":{\"label\":\"username\",\"searchable\":true,\"sortable\":true}},\"email\":{\"edit\":{\"label\":\"email\",\"description\":\"\",\"placeholder\":\"\",\"visible\":true,\"editable\":true},\"list\":{\"label\":\"email\",\"searchable\":true,\"sortable\":true}},\"provider\":{\"edit\":{\"label\":\"provider\",\"description\":\"\",\"placeholder\":\"\",\"visible\":false,\"editable\":true},\"list\":{\"label\":\"provider\",\"searchable\":true,\"sortable\":true}},\"password\":{\"edit\":{\"label\":\"password\",\"description\":\"\",\"placeholder\":\"\",\"visible\":true,\"editable\":true},\"list\":{\"label\":\"password\",\"searchable\":true,\"sortable\":true}},\"resetPasswordToken\":{\"edit\":{\"label\":\"resetPasswordToken\",\"description\":\"\",\"placeholder\":\"\",\"visible\":false,\"editable\":true},\"list\":{\"label\":\"resetPasswordToken\",\"searchable\":true,\"sortable\":true}},\"confirmationToken\":{\"edit\":{\"label\":\"confirmationToken\",\"description\":\"\",\"placeholder\":\"\",\"visible\":false,\"editable\":true},\"list\":{\"label\":\"confirmationToken\",\"searchable\":true,\"sortable\":true}},\"confirmed\":{\"edit\":{\"label\":\"confirmed\",\"description\":\"\",\"placeholder\":\"\",\"visible\":true,\"editable\":true},\"list\":{\"label\":\"confirmed\",\"searchable\":true,\"sortable\":true}},\"blocked\":{\"edit\":{\"label\":\"blocked\",\"description\":\"\",\"placeholder\":\"\",\"visible\":true,\"editable\":true},\"list\":{\"label\":\"blocked\",\"searchable\":true,\"sortable\":true}},\"role\":{\"edit\":{\"label\":\"role\",\"description\":\"\",\"placeholder\":\"\",\"visible\":true,\"editable\":true,\"mainField\":\"name\"},\"list\":{\"label\":\"role\",\"searchable\":true,\"sortable\":true}},\"usertype\":{\"edit\":{\"label\":\"usertype\",\"description\":\"\",\"placeholder\":\"\",\"visible\":true,\"editable\":true},\"list\":{\"label\":\"usertype\",\"searchable\":true,\"sortable\":true}},\"createdAt\":{\"edit\":{\"label\":\"createdAt\",\"description\":\"\",\"placeholder\":\"\",\"visible\":false,\"editable\":true},\"list\":{\"label\":\"createdAt\",\"searchable\":true,\"sortable\":true}},\"updatedAt\":{\"edit\":{\"label\":\"updatedAt\",\"description\":\"\",\"placeholder\":\"\",\"visible\":false,\"editable\":true},\"list\":{\"label\":\"updatedAt\",\"searchable\":true,\"sortable\":true}}},\"layouts\":{\"edit\":[[{\"name\":\"username\",\"size\":6},{\"name\":\"email\",\"size\":6}],[{\"name\":\"password\",\"size\":6},{\"name\":\"confirmed\",\"size\":4}],[{\"name\":\"blocked\",\"size\":4},{\"name\":\"role\",\"size\":6}],[{\"name\":\"usertype\",\"size\":6}]],\"list\":[\"id\",\"username\",\"email\",\"confirmed\",\"usertype\"]}}', 'object', NULL, NULL),
(13, 'plugin_content_manager_configuration_content_types::plugin::i18n.locale', '{\"uid\":\"plugin::i18n.locale\",\"settings\":{\"bulkable\":true,\"filterable\":true,\"searchable\":true,\"pageSize\":10,\"mainField\":\"name\",\"defaultSortBy\":\"name\",\"defaultSortOrder\":\"ASC\"},\"metadatas\":{\"id\":{\"edit\":{},\"list\":{\"label\":\"id\",\"searchable\":true,\"sortable\":true}},\"name\":{\"edit\":{\"label\":\"name\",\"description\":\"\",\"placeholder\":\"\",\"visible\":true,\"editable\":true},\"list\":{\"label\":\"name\",\"searchable\":true,\"sortable\":true}},\"code\":{\"edit\":{\"label\":\"code\",\"description\":\"\",\"placeholder\":\"\",\"visible\":true,\"editable\":true},\"list\":{\"label\":\"code\",\"searchable\":true,\"sortable\":true}},\"createdAt\":{\"edit\":{\"label\":\"createdAt\",\"description\":\"\",\"placeholder\":\"\",\"visible\":false,\"editable\":true},\"list\":{\"label\":\"createdAt\",\"searchable\":true,\"sortable\":true}},\"updatedAt\":{\"edit\":{\"label\":\"updatedAt\",\"description\":\"\",\"placeholder\":\"\",\"visible\":false,\"editable\":true},\"list\":{\"label\":\"updatedAt\",\"searchable\":true,\"sortable\":true}}},\"layouts\":{\"list\":[\"id\",\"name\",\"code\",\"createdAt\"],\"edit\":[[{\"name\":\"name\",\"size\":6},{\"name\":\"code\",\"size\":6}]]}}', 'object', NULL, NULL),
(14, 'plugin_content_manager_configuration_content_types::plugin::users-permissions.role', '{\"uid\":\"plugin::users-permissions.role\",\"settings\":{\"bulkable\":true,\"filterable\":true,\"searchable\":true,\"pageSize\":10,\"mainField\":\"name\",\"defaultSortBy\":\"name\",\"defaultSortOrder\":\"ASC\"},\"metadatas\":{\"id\":{\"edit\":{},\"list\":{\"label\":\"id\",\"searchable\":true,\"sortable\":true}},\"name\":{\"edit\":{\"label\":\"name\",\"description\":\"\",\"placeholder\":\"\",\"visible\":true,\"editable\":true},\"list\":{\"label\":\"name\",\"searchable\":true,\"sortable\":true}},\"description\":{\"edit\":{\"label\":\"description\",\"description\":\"\",\"placeholder\":\"\",\"visible\":true,\"editable\":true},\"list\":{\"label\":\"description\",\"searchable\":true,\"sortable\":true}},\"type\":{\"edit\":{\"label\":\"type\",\"description\":\"\",\"placeholder\":\"\",\"visible\":true,\"editable\":true},\"list\":{\"label\":\"type\",\"searchable\":true,\"sortable\":true}},\"permissions\":{\"edit\":{\"label\":\"permissions\",\"description\":\"\",\"placeholder\":\"\",\"visible\":true,\"editable\":true,\"mainField\":\"action\"},\"list\":{\"label\":\"permissions\",\"searchable\":false,\"sortable\":false}},\"users\":{\"edit\":{\"label\":\"users\",\"description\":\"\",\"placeholder\":\"\",\"visible\":true,\"editable\":true,\"mainField\":\"username\"},\"list\":{\"label\":\"users\",\"searchable\":false,\"sortable\":false}},\"createdAt\":{\"edit\":{\"label\":\"createdAt\",\"description\":\"\",\"placeholder\":\"\",\"visible\":false,\"editable\":true},\"list\":{\"label\":\"createdAt\",\"searchable\":true,\"sortable\":true}},\"updatedAt\":{\"edit\":{\"label\":\"updatedAt\",\"description\":\"\",\"placeholder\":\"\",\"visible\":false,\"editable\":true},\"list\":{\"label\":\"updatedAt\",\"searchable\":true,\"sortable\":true}}},\"layouts\":{\"list\":[\"id\",\"name\",\"description\",\"type\"],\"edit\":[[{\"name\":\"name\",\"size\":6},{\"name\":\"description\",\"size\":6}],[{\"name\":\"type\",\"size\":6},{\"name\":\"permissions\",\"size\":6}],[{\"name\":\"users\",\"size\":6}]]}}', 'object', NULL, NULL),
(15, 'plugin_upload_settings', '{\"sizeOptimization\":true,\"responsiveDimensions\":true,\"autoOrientation\":false}', 'object', NULL, NULL),
(16, 'plugin_upload_view_configuration', '{\"pageSize\":10,\"sort\":\"createdAt:DESC\"}', 'object', NULL, NULL),
(17, 'plugin_upload_metrics', '{\"weeklySchedule\":\"1 14 16 * * 6\",\"lastWeeklyUpdate\":1688210041040}', 'object', NULL, NULL),
(18, 'plugin_users-permissions_grant', '{\"email\":{\"enabled\":true,\"icon\":\"envelope\"},\"discord\":{\"enabled\":false,\"icon\":\"discord\",\"key\":\"\",\"secret\":\"\",\"callback\":\"api/auth/discord/callback\",\"scope\":[\"identify\",\"email\"]},\"facebook\":{\"enabled\":false,\"icon\":\"facebook-square\",\"key\":\"\",\"secret\":\"\",\"callback\":\"api/auth/facebook/callback\",\"scope\":[\"email\"]},\"google\":{\"enabled\":false,\"icon\":\"google\",\"key\":\"\",\"secret\":\"\",\"callback\":\"api/auth/google/callback\",\"scope\":[\"email\"]},\"github\":{\"enabled\":false,\"icon\":\"github\",\"key\":\"\",\"secret\":\"\",\"callback\":\"api/auth/github/callback\",\"scope\":[\"user\",\"user:email\"]},\"microsoft\":{\"enabled\":false,\"icon\":\"windows\",\"key\":\"\",\"secret\":\"\",\"callback\":\"api/auth/microsoft/callback\",\"scope\":[\"user.read\"]},\"twitter\":{\"enabled\":false,\"icon\":\"twitter\",\"key\":\"\",\"secret\":\"\",\"callback\":\"api/auth/twitter/callback\"},\"instagram\":{\"enabled\":false,\"icon\":\"instagram\",\"key\":\"\",\"secret\":\"\",\"callback\":\"api/auth/instagram/callback\",\"scope\":[\"user_profile\"]},\"vk\":{\"enabled\":false,\"icon\":\"vk\",\"key\":\"\",\"secret\":\"\",\"callback\":\"api/auth/vk/callback\",\"scope\":[\"email\"]},\"twitch\":{\"enabled\":false,\"icon\":\"twitch\",\"key\":\"\",\"secret\":\"\",\"callback\":\"api/auth/twitch/callback\",\"scope\":[\"user:read:email\"]},\"linkedin\":{\"enabled\":false,\"icon\":\"linkedin\",\"key\":\"\",\"secret\":\"\",\"callback\":\"api/auth/linkedin/callback\",\"scope\":[\"r_liteprofile\",\"r_emailaddress\"]},\"cognito\":{\"enabled\":false,\"icon\":\"aws\",\"key\":\"\",\"secret\":\"\",\"subdomain\":\"my.subdomain.com\",\"callback\":\"api/auth/cognito/callback\",\"scope\":[\"email\",\"openid\",\"profile\"]},\"reddit\":{\"enabled\":false,\"icon\":\"reddit\",\"key\":\"\",\"secret\":\"\",\"state\":true,\"callback\":\"api/auth/reddit/callback\",\"scope\":[\"identity\"]},\"auth0\":{\"enabled\":false,\"icon\":\"\",\"key\":\"\",\"secret\":\"\",\"subdomain\":\"my-tenant.eu\",\"callback\":\"api/auth/auth0/callback\",\"scope\":[\"openid\",\"email\",\"profile\"]},\"cas\":{\"enabled\":false,\"icon\":\"book\",\"key\":\"\",\"secret\":\"\",\"callback\":\"api/auth/cas/callback\",\"scope\":[\"openid email\"],\"subdomain\":\"my.subdomain.com/cas\"},\"patreon\":{\"enabled\":false,\"icon\":\"\",\"key\":\"\",\"secret\":\"\",\"callback\":\"api/auth/patreon/callback\",\"scope\":[\"identity\",\"identity[email]\"]}}', 'object', NULL, NULL),
(19, 'plugin_users-permissions_email', '{\"reset_password\":{\"display\":\"Email.template.reset_password\",\"icon\":\"sync\",\"options\":{\"from\":{\"name\":\"Administration Panel\",\"email\":\"no-reply@strapi.io\"},\"response_email\":\"\",\"object\":\"Reset password\",\"message\":\"<p>We heard that you lost your password. Sorry about that!</p>\\n\\n<p>But dont worry! You can use the following link to reset your password:</p>\\n<p><%= URL %>?code=<%= TOKEN %></p>\\n\\n<p>Thanks.</p>\"}},\"email_confirmation\":{\"display\":\"Email.template.email_confirmation\",\"icon\":\"check-square\",\"options\":{\"from\":{\"name\":\"Administration Panel\",\"email\":\"no-reply@strapi.io\"},\"response_email\":\"\",\"object\":\"Account confirmation\",\"message\":\"<p>Thank you for registering!</p>\\n\\n<p>You have to confirm your email address. Please click on the link below.</p>\\n\\n<p><%= URL %>?confirmation=<%= CODE %></p>\\n\\n<p>Thanks.</p>\"}}}', 'object', NULL, NULL),
(20, 'plugin_users-permissions_advanced', '{\"unique_email\":true,\"allow_register\":true,\"email_confirmation\":false,\"email_reset_password\":null,\"email_confirmation_redirection\":null,\"default_role\":\"authenticated\"}', 'object', NULL, NULL),
(21, 'plugin_i18n_default_locale', '\"en\"', 'string', NULL, NULL),
(22, 'core_admin_auth', '{\"providers\":{\"autoRegister\":false,\"defaultRole\":null}}', 'object', NULL, NULL),
(23, 'plugin_content_manager_configuration_content_types::api::patient.patient', '{\"uid\":\"api::patient.patient\",\"settings\":{\"bulkable\":true,\"filterable\":true,\"searchable\":true,\"pageSize\":10,\"mainField\":\"patient_name\",\"defaultSortBy\":\"patient_name\",\"defaultSortOrder\":\"ASC\"},\"metadatas\":{\"id\":{\"edit\":{},\"list\":{\"label\":\"id\",\"searchable\":true,\"sortable\":true}},\"patient_name\":{\"edit\":{\"label\":\"patient_name\",\"description\":\"\",\"placeholder\":\"\",\"visible\":true,\"editable\":true},\"list\":{\"label\":\"patient_name\",\"searchable\":true,\"sortable\":true}},\"patient_email\":{\"edit\":{\"label\":\"patient_email\",\"description\":\"\",\"placeholder\":\"\",\"visible\":true,\"editable\":true},\"list\":{\"label\":\"patient_email\",\"searchable\":true,\"sortable\":true}},\"patient_age\":{\"edit\":{\"label\":\"patient_age\",\"description\":\"\",\"placeholder\":\"\",\"visible\":true,\"editable\":true},\"list\":{\"label\":\"patient_age\",\"searchable\":true,\"sortable\":true}},\"userid\":{\"edit\":{\"label\":\"userid\",\"description\":\"\",\"placeholder\":\"\",\"visible\":true,\"editable\":true},\"list\":{\"label\":\"userid\",\"searchable\":true,\"sortable\":true}},\"createdAt\":{\"edit\":{\"label\":\"createdAt\",\"description\":\"\",\"placeholder\":\"\",\"visible\":false,\"editable\":true},\"list\":{\"label\":\"createdAt\",\"searchable\":true,\"sortable\":true}},\"updatedAt\":{\"edit\":{\"label\":\"updatedAt\",\"description\":\"\",\"placeholder\":\"\",\"visible\":false,\"editable\":true},\"list\":{\"label\":\"updatedAt\",\"searchable\":true,\"sortable\":true}}},\"layouts\":{\"edit\":[[{\"name\":\"patient_name\",\"size\":6},{\"name\":\"patient_email\",\"size\":6}],[{\"name\":\"patient_age\",\"size\":6},{\"name\":\"userid\",\"size\":4}]],\"list\":[\"id\",\"patient_name\",\"patient_email\",\"patient_age\",\"userid\"]}}', 'object', NULL, NULL),
(24, 'plugin_content_manager_configuration_content_types::api::doctor.doctor', '{\"uid\":\"api::doctor.doctor\",\"settings\":{\"bulkable\":true,\"filterable\":true,\"searchable\":true,\"pageSize\":10,\"mainField\":\"doctor_name\",\"defaultSortBy\":\"doctor_name\",\"defaultSortOrder\":\"ASC\"},\"metadatas\":{\"id\":{\"edit\":{},\"list\":{\"label\":\"id\",\"searchable\":true,\"sortable\":true}},\"doctor_name\":{\"edit\":{\"label\":\"doctor_name\",\"description\":\"\",\"placeholder\":\"\",\"visible\":true,\"editable\":true},\"list\":{\"label\":\"doctor_name\",\"searchable\":true,\"sortable\":true}},\"doctor_email\":{\"edit\":{\"label\":\"doctor_email\",\"description\":\"\",\"placeholder\":\"\",\"visible\":true,\"editable\":true},\"list\":{\"label\":\"doctor_email\",\"searchable\":true,\"sortable\":true}},\"userid\":{\"edit\":{\"label\":\"userid\",\"description\":\"\",\"placeholder\":\"\",\"visible\":true,\"editable\":true},\"list\":{\"label\":\"userid\",\"searchable\":true,\"sortable\":true}},\"specl\":{\"edit\":{\"label\":\"specl\",\"description\":\"\",\"placeholder\":\"\",\"visible\":true,\"editable\":true},\"list\":{\"label\":\"specl\",\"searchable\":true,\"sortable\":true}},\"createdAt\":{\"edit\":{\"label\":\"createdAt\",\"description\":\"\",\"placeholder\":\"\",\"visible\":false,\"editable\":true},\"list\":{\"label\":\"createdAt\",\"searchable\":true,\"sortable\":true}},\"updatedAt\":{\"edit\":{\"label\":\"updatedAt\",\"description\":\"\",\"placeholder\":\"\",\"visible\":false,\"editable\":true},\"list\":{\"label\":\"updatedAt\",\"searchable\":true,\"sortable\":true}}},\"layouts\":{\"list\":[\"id\",\"doctor_name\",\"doctor_email\",\"userid\"],\"edit\":[[{\"name\":\"doctor_name\",\"size\":6},{\"name\":\"doctor_email\",\"size\":6}],[{\"name\":\"userid\",\"size\":4},{\"name\":\"specl\",\"size\":6}]]}}', 'object', NULL, NULL),
(25, 'core_admin_project-settings', '{\"menuLogo\":{},\"authLogo\":{}}', 'object', NULL, NULL),
(26, 'plugin_content_manager_configuration_content_types::api::appointment.appointment', '{\"uid\":\"api::appointment.appointment\",\"settings\":{\"bulkable\":true,\"filterable\":true,\"searchable\":true,\"pageSize\":10,\"mainField\":\"aptstatus\",\"defaultSortBy\":\"aptstatus\",\"defaultSortOrder\":\"ASC\"},\"metadatas\":{\"id\":{\"edit\":{},\"list\":{\"label\":\"id\",\"searchable\":true,\"sortable\":true}},\"symptoms\":{\"edit\":{\"label\":\"symptoms\",\"description\":\"\",\"placeholder\":\"\",\"visible\":true,\"editable\":true},\"list\":{\"label\":\"symptoms\",\"searchable\":true,\"sortable\":true}},\"desc\":{\"edit\":{\"label\":\"desc\",\"description\":\"\",\"placeholder\":\"\",\"visible\":true,\"editable\":true},\"list\":{\"label\":\"desc\",\"searchable\":true,\"sortable\":true}},\"aptstatus\":{\"edit\":{\"label\":\"aptstatus\",\"description\":\"\",\"placeholder\":\"\",\"visible\":true,\"editable\":true},\"list\":{\"label\":\"aptstatus\",\"searchable\":true,\"sortable\":true}},\"aptdate\":{\"edit\":{\"label\":\"aptdate\",\"description\":\"\",\"placeholder\":\"\",\"visible\":true,\"editable\":true},\"list\":{\"label\":\"aptdate\",\"searchable\":true,\"sortable\":true}},\"patientid\":{\"edit\":{\"label\":\"patientid\",\"description\":\"\",\"placeholder\":\"\",\"visible\":true,\"editable\":true},\"list\":{\"label\":\"patientid\",\"searchable\":true,\"sortable\":true}},\"doctorid\":{\"edit\":{\"label\":\"doctorid\",\"description\":\"\",\"placeholder\":\"\",\"visible\":true,\"editable\":true},\"list\":{\"label\":\"doctorid\",\"searchable\":true,\"sortable\":true}},\"diagnosis\":{\"edit\":{\"label\":\"diagnosis\",\"description\":\"\",\"placeholder\":\"\",\"visible\":true,\"editable\":true},\"list\":{\"label\":\"diagnosis\",\"searchable\":true,\"sortable\":true}},\"commentsbydoc\":{\"edit\":{\"label\":\"commentsbydoc\",\"description\":\"\",\"placeholder\":\"\",\"visible\":true,\"editable\":true},\"list\":{\"label\":\"commentsbydoc\",\"searchable\":true,\"sortable\":true}},\"presc\":{\"edit\":{\"label\":\"presc\",\"description\":\"\",\"placeholder\":\"\",\"visible\":true,\"editable\":true},\"list\":{\"label\":\"presc\",\"searchable\":true,\"sortable\":true}},\"createdAt\":{\"edit\":{\"label\":\"createdAt\",\"description\":\"\",\"placeholder\":\"\",\"visible\":false,\"editable\":true},\"list\":{\"label\":\"createdAt\",\"searchable\":true,\"sortable\":true}},\"updatedAt\":{\"edit\":{\"label\":\"updatedAt\",\"description\":\"\",\"placeholder\":\"\",\"visible\":false,\"editable\":true},\"list\":{\"label\":\"updatedAt\",\"searchable\":true,\"sortable\":true}}},\"layouts\":{\"edit\":[[{\"name\":\"symptoms\",\"size\":6},{\"name\":\"desc\",\"size\":6}],[{\"name\":\"aptstatus\",\"size\":6},{\"name\":\"aptdate\",\"size\":6}],[{\"name\":\"patientid\",\"size\":4},{\"name\":\"doctorid\",\"size\":4}],[{\"name\":\"diagnosis\",\"size\":6},{\"name\":\"commentsbydoc\",\"size\":6}],[{\"name\":\"presc\",\"size\":6}]],\"list\":[\"id\",\"symptoms\",\"desc\",\"aptstatus\",\"doctorid\",\"patientid\",\"presc\",\"diagnosis\",\"aptdate\",\"commentsbydoc\"]}}', 'object', NULL, NULL);

-- --------------------------------------------------------

--
-- Table structure for table `strapi_database_schema`
--

CREATE TABLE `strapi_database_schema` (
  `id` int(10) UNSIGNED NOT NULL,
  `schema` longtext CHARACTER SET utf8mb4 COLLATE utf8mb4_bin DEFAULT NULL CHECK (json_valid(`schema`)),
  `time` datetime DEFAULT NULL,
  `hash` varchar(255) DEFAULT NULL
) ENGINE=InnoDB DEFAULT CHARSET=utf8mb4 COLLATE=utf8mb4_general_ci;

--
-- Dumping data for table `strapi_database_schema`
--

INSERT INTO `strapi_database_schema` (`id`, `schema`, `time`, `hash`) VALUES
(11, '{\"tables\":[{\"name\":\"strapi_core_store_settings\",\"indexes\":[],\"foreignKeys\":[],\"columns\":[{\"name\":\"id\",\"type\":\"increments\",\"args\":[{\"primary\":true,\"primaryKey\":true}],\"defaultTo\":null,\"notNullable\":true,\"unsigned\":false},{\"name\":\"key\",\"type\":\"string\",\"args\":[],\"defaultTo\":null,\"notNullable\":false,\"unsigned\":false},{\"name\":\"value\",\"type\":\"text\",\"args\":[\"longtext\"],\"defaultTo\":null,\"notNullable\":false,\"unsigned\":false},{\"name\":\"type\",\"type\":\"string\",\"args\":[],\"defaultTo\":null,\"notNullable\":false,\"unsigned\":false},{\"name\":\"environment\",\"type\":\"string\",\"args\":[],\"defaultTo\":null,\"notNullable\":false,\"unsigned\":false},{\"name\":\"tag\",\"type\":\"string\",\"args\":[],\"defaultTo\":null,\"notNullable\":false,\"unsigned\":false}]},{\"name\":\"strapi_webhooks\",\"indexes\":[],\"foreignKeys\":[],\"columns\":[{\"name\":\"id\",\"type\":\"increments\",\"args\":[{\"primary\":true,\"primaryKey\":true}],\"defaultTo\":null,\"notNullable\":true,\"unsigned\":false},{\"name\":\"name\",\"type\":\"string\",\"args\":[],\"defaultTo\":null,\"notNullable\":false,\"unsigned\":false},{\"name\":\"url\",\"type\":\"text\",\"args\":[\"longtext\"],\"defaultTo\":null,\"notNullable\":false,\"unsigned\":false},{\"name\":\"headers\",\"type\":\"jsonb\",\"args\":[],\"defaultTo\":null,\"notNullable\":false,\"unsigned\":false},{\"name\":\"events\",\"type\":\"jsonb\",\"args\":[],\"defaultTo\":null,\"notNullable\":false,\"unsigned\":false},{\"name\":\"enabled\",\"type\":\"boolean\",\"args\":[],\"defaultTo\":null,\"notNullable\":false,\"unsigned\":false}]},{\"name\":\"admin_permissions\",\"indexes\":[{\"name\":\"admin_permissions_created_by_id_fk\",\"columns\":[\"created_by_id\"]},{\"name\":\"admin_permissions_updated_by_id_fk\",\"columns\":[\"updated_by_id\"]}],\"foreignKeys\":[{\"name\":\"admin_permissions_created_by_id_fk\",\"columns\":[\"created_by_id\"],\"referencedTable\":\"admin_users\",\"referencedColumns\":[\"id\"],\"onDelete\":\"SET NULL\"},{\"name\":\"admin_permissions_updated_by_id_fk\",\"columns\":[\"updated_by_id\"],\"referencedTable\":\"admin_users\",\"referencedColumns\":[\"id\"],\"onDelete\":\"SET NULL\"}],\"columns\":[{\"name\":\"id\",\"type\":\"increments\",\"args\":[{\"primary\":true,\"primaryKey\":true}],\"defaultTo\":null,\"notNullable\":true,\"unsigned\":false},{\"name\":\"action\",\"type\":\"string\",\"args\":[],\"defaultTo\":null,\"notNullable\":false,\"unsigned\":false},{\"name\":\"subject\",\"type\":\"string\",\"args\":[],\"defaultTo\":null,\"notNullable\":false,\"unsigned\":false},{\"name\":\"properties\",\"type\":\"jsonb\",\"args\":[],\"defaultTo\":null,\"notNullable\":false,\"unsigned\":false},{\"name\":\"conditions\",\"type\":\"jsonb\",\"args\":[],\"defaultTo\":null,\"notNullable\":false,\"unsigned\":false},{\"name\":\"created_at\",\"type\":\"datetime\",\"args\":[{\"useTz\":false,\"precision\":6}],\"defaultTo\":null,\"notNullable\":false,\"unsigned\":false},{\"name\":\"updated_at\",\"type\":\"datetime\",\"args\":[{\"useTz\":false,\"precision\":6}],\"defaultTo\":null,\"notNullable\":false,\"unsigned\":false},{\"name\":\"created_by_id\",\"type\":\"integer\",\"args\":[],\"defaultTo\":null,\"notNullable\":false,\"unsigned\":true},{\"name\":\"updated_by_id\",\"type\":\"integer\",\"args\":[],\"defaultTo\":null,\"notNullable\":false,\"unsigned\":true}]},{\"name\":\"admin_users\",\"indexes\":[{\"name\":\"admin_users_created_by_id_fk\",\"columns\":[\"created_by_id\"]},{\"name\":\"admin_users_updated_by_id_fk\",\"columns\":[\"updated_by_id\"]}],\"foreignKeys\":[{\"name\":\"admin_users_created_by_id_fk\",\"columns\":[\"created_by_id\"],\"referencedTable\":\"admin_users\",\"referencedColumns\":[\"id\"],\"onDelete\":\"SET NULL\"},{\"name\":\"admin_users_updated_by_id_fk\",\"columns\":[\"updated_by_id\"],\"referencedTable\":\"admin_users\",\"referencedColumns\":[\"id\"],\"onDelete\":\"SET NULL\"}],\"columns\":[{\"name\":\"id\",\"type\":\"increments\",\"args\":[{\"primary\":true,\"primaryKey\":true}],\"defaultTo\":null,\"notNullable\":true,\"unsigned\":false},{\"name\":\"firstname\",\"type\":\"string\",\"args\":[],\"defaultTo\":null,\"notNullable\":false,\"unsigned\":false},{\"name\":\"lastname\",\"type\":\"string\",\"args\":[],\"defaultTo\":null,\"notNullable\":false,\"unsigned\":false},{\"name\":\"username\",\"type\":\"string\",\"args\":[],\"defaultTo\":null,\"notNullable\":false,\"unsigned\":false},{\"name\":\"email\",\"type\":\"string\",\"args\":[],\"defaultTo\":null,\"notNullable\":false,\"unsigned\":false},{\"name\":\"password\",\"type\":\"string\",\"args\":[],\"defaultTo\":null,\"notNullable\":false,\"unsigned\":false},{\"name\":\"reset_password_token\",\"type\":\"string\",\"args\":[],\"defaultTo\":null,\"notNullable\":false,\"unsigned\":false},{\"name\":\"registration_token\",\"type\":\"string\",\"args\":[],\"defaultTo\":null,\"notNullable\":false,\"unsigned\":false},{\"name\":\"is_active\",\"type\":\"boolean\",\"args\":[],\"defaultTo\":null,\"notNullable\":false,\"unsigned\":false},{\"name\":\"blocked\",\"type\":\"boolean\",\"args\":[],\"defaultTo\":null,\"notNullable\":false,\"unsigned\":false},{\"name\":\"prefered_language\",\"type\":\"string\",\"args\":[],\"defaultTo\":null,\"notNullable\":false,\"unsigned\":false},{\"name\":\"created_at\",\"type\":\"datetime\",\"args\":[{\"useTz\":false,\"precision\":6}],\"defaultTo\":null,\"notNullable\":false,\"unsigned\":false},{\"name\":\"updated_at\",\"type\":\"datetime\",\"args\":[{\"useTz\":false,\"precision\":6}],\"defaultTo\":null,\"notNullable\":false,\"unsigned\":false},{\"name\":\"created_by_id\",\"type\":\"integer\",\"args\":[],\"defaultTo\":null,\"notNullable\":false,\"unsigned\":true},{\"name\":\"updated_by_id\",\"type\":\"integer\",\"args\":[],\"defaultTo\":null,\"notNullable\":false,\"unsigned\":true}]},{\"name\":\"admin_roles\",\"indexes\":[{\"name\":\"admin_roles_created_by_id_fk\",\"columns\":[\"created_by_id\"]},{\"name\":\"admin_roles_updated_by_id_fk\",\"columns\":[\"updated_by_id\"]}],\"foreignKeys\":[{\"name\":\"admin_roles_created_by_id_fk\",\"columns\":[\"created_by_id\"],\"referencedTable\":\"admin_users\",\"referencedColumns\":[\"id\"],\"onDelete\":\"SET NULL\"},{\"name\":\"admin_roles_updated_by_id_fk\",\"columns\":[\"updated_by_id\"],\"referencedTable\":\"admin_users\",\"referencedColumns\":[\"id\"],\"onDelete\":\"SET NULL\"}],\"columns\":[{\"name\":\"id\",\"type\":\"increments\",\"args\":[{\"primary\":true,\"primaryKey\":true}],\"defaultTo\":null,\"notNullable\":true,\"unsigned\":false},{\"name\":\"name\",\"type\":\"string\",\"args\":[],\"defaultTo\":null,\"notNullable\":false,\"unsigned\":false},{\"name\":\"code\",\"type\":\"string\",\"args\":[],\"defaultTo\":null,\"notNullable\":false,\"unsigned\":false},{\"name\":\"description\",\"type\":\"string\",\"args\":[],\"defaultTo\":null,\"notNullable\":false,\"unsigned\":false},{\"name\":\"created_at\",\"type\":\"datetime\",\"args\":[{\"useTz\":false,\"precision\":6}],\"defaultTo\":null,\"notNullable\":false,\"unsigned\":false},{\"name\":\"updated_at\",\"type\":\"datetime\",\"args\":[{\"useTz\":false,\"precision\":6}],\"defaultTo\":null,\"notNullable\":false,\"unsigned\":false},{\"name\":\"created_by_id\",\"type\":\"integer\",\"args\":[],\"defaultTo\":null,\"notNullable\":false,\"unsigned\":true},{\"name\":\"updated_by_id\",\"type\":\"integer\",\"args\":[],\"defaultTo\":null,\"notNullable\":false,\"unsigned\":true}]},{\"name\":\"strapi_api_tokens\",\"indexes\":[{\"name\":\"strapi_api_tokens_created_by_id_fk\",\"columns\":[\"created_by_id\"]},{\"name\":\"strapi_api_tokens_updated_by_id_fk\",\"columns\":[\"updated_by_id\"]}],\"foreignKeys\":[{\"name\":\"strapi_api_tokens_created_by_id_fk\",\"columns\":[\"created_by_id\"],\"referencedTable\":\"admin_users\",\"referencedColumns\":[\"id\"],\"onDelete\":\"SET NULL\"},{\"name\":\"strapi_api_tokens_updated_by_id_fk\",\"columns\":[\"updated_by_id\"],\"referencedTable\":\"admin_users\",\"referencedColumns\":[\"id\"],\"onDelete\":\"SET NULL\"}],\"columns\":[{\"name\":\"id\",\"type\":\"increments\",\"args\":[{\"primary\":true,\"primaryKey\":true}],\"defaultTo\":null,\"notNullable\":true,\"unsigned\":false},{\"name\":\"name\",\"type\":\"string\",\"args\":[],\"defaultTo\":null,\"notNullable\":false,\"unsigned\":false},{\"name\":\"description\",\"type\":\"string\",\"args\":[],\"defaultTo\":null,\"notNullable\":false,\"unsigned\":false},{\"name\":\"type\",\"type\":\"string\",\"args\":[],\"defaultTo\":null,\"notNullable\":false,\"unsigned\":false},{\"name\":\"access_key\",\"type\":\"string\",\"args\":[],\"defaultTo\":null,\"notNullable\":false,\"unsigned\":false},{\"name\":\"last_used_at\",\"type\":\"datetime\",\"args\":[{\"useTz\":false,\"precision\":6}],\"defaultTo\":null,\"notNullable\":false,\"unsigned\":false},{\"name\":\"expires_at\",\"type\":\"datetime\",\"args\":[{\"useTz\":false,\"precision\":6}],\"defaultTo\":null,\"notNullable\":false,\"unsigned\":false},{\"name\":\"lifespan\",\"type\":\"bigInteger\",\"args\":[],\"defaultTo\":null,\"notNullable\":false,\"unsigned\":false},{\"name\":\"created_at\",\"type\":\"datetime\",\"args\":[{\"useTz\":false,\"precision\":6}],\"defaultTo\":null,\"notNullable\":false,\"unsigned\":false},{\"name\":\"updated_at\",\"type\":\"datetime\",\"args\":[{\"useTz\":false,\"precision\":6}],\"defaultTo\":null,\"notNullable\":false,\"unsigned\":false},{\"name\":\"created_by_id\",\"type\":\"integer\",\"args\":[],\"defaultTo\":null,\"notNullable\":false,\"unsigned\":true},{\"name\":\"updated_by_id\",\"type\":\"integer\",\"args\":[],\"defaultTo\":null,\"notNullable\":false,\"unsigned\":true}]},{\"name\":\"strapi_api_token_permissions\",\"indexes\":[{\"name\":\"strapi_api_token_permissions_created_by_id_fk\",\"columns\":[\"created_by_id\"]},{\"name\":\"strapi_api_token_permissions_updated_by_id_fk\",\"columns\":[\"updated_by_id\"]}],\"foreignKeys\":[{\"name\":\"strapi_api_token_permissions_created_by_id_fk\",\"columns\":[\"created_by_id\"],\"referencedTable\":\"admin_users\",\"referencedColumns\":[\"id\"],\"onDelete\":\"SET NULL\"},{\"name\":\"strapi_api_token_permissions_updated_by_id_fk\",\"columns\":[\"updated_by_id\"],\"referencedTable\":\"admin_users\",\"referencedColumns\":[\"id\"],\"onDelete\":\"SET NULL\"}],\"columns\":[{\"name\":\"id\",\"type\":\"increments\",\"args\":[{\"primary\":true,\"primaryKey\":true}],\"defaultTo\":null,\"notNullable\":true,\"unsigned\":false},{\"name\":\"action\",\"type\":\"string\",\"args\":[],\"defaultTo\":null,\"notNullable\":false,\"unsigned\":false},{\"name\":\"created_at\",\"type\":\"datetime\",\"args\":[{\"useTz\":false,\"precision\":6}],\"defaultTo\":null,\"notNullable\":false,\"unsigned\":false},{\"name\":\"updated_at\",\"type\":\"datetime\",\"args\":[{\"useTz\":false,\"precision\":6}],\"defaultTo\":null,\"notNullable\":false,\"unsigned\":false},{\"name\":\"created_by_id\",\"type\":\"integer\",\"args\":[],\"defaultTo\":null,\"notNullable\":false,\"unsigned\":true},{\"name\":\"updated_by_id\",\"type\":\"integer\",\"args\":[],\"defaultTo\":null,\"notNullable\":false,\"unsigned\":true}]},{\"name\":\"strapi_transfer_tokens\",\"indexes\":[{\"name\":\"strapi_transfer_tokens_created_by_id_fk\",\"columns\":[\"created_by_id\"]},{\"name\":\"strapi_transfer_tokens_updated_by_id_fk\",\"columns\":[\"updated_by_id\"]}],\"foreignKeys\":[{\"name\":\"strapi_transfer_tokens_created_by_id_fk\",\"columns\":[\"created_by_id\"],\"referencedTable\":\"admin_users\",\"referencedColumns\":[\"id\"],\"onDelete\":\"SET NULL\"},{\"name\":\"strapi_transfer_tokens_updated_by_id_fk\",\"columns\":[\"updated_by_id\"],\"referencedTable\":\"admin_users\",\"referencedColumns\":[\"id\"],\"onDelete\":\"SET NULL\"}],\"columns\":[{\"name\":\"id\",\"type\":\"increments\",\"args\":[{\"primary\":true,\"primaryKey\":true}],\"defaultTo\":null,\"notNullable\":true,\"unsigned\":false},{\"name\":\"name\",\"type\":\"string\",\"args\":[],\"defaultTo\":null,\"notNullable\":false,\"unsigned\":false},{\"name\":\"description\",\"type\":\"string\",\"args\":[],\"defaultTo\":null,\"notNullable\":false,\"unsigned\":false},{\"name\":\"access_key\",\"type\":\"string\",\"args\":[],\"defaultTo\":null,\"notNullable\":false,\"unsigned\":false},{\"name\":\"last_used_at\",\"type\":\"datetime\",\"args\":[{\"useTz\":false,\"precision\":6}],\"defaultTo\":null,\"notNullable\":false,\"unsigned\":false},{\"name\":\"expires_at\",\"type\":\"datetime\",\"args\":[{\"useTz\":false,\"precision\":6}],\"defaultTo\":null,\"notNullable\":false,\"unsigned\":false},{\"name\":\"lifespan\",\"type\":\"bigInteger\",\"args\":[],\"defaultTo\":null,\"notNullable\":false,\"unsigned\":false},{\"name\":\"created_at\",\"type\":\"datetime\",\"args\":[{\"useTz\":false,\"precision\":6}],\"defaultTo\":null,\"notNullable\":false,\"unsigned\":false},{\"name\":\"updated_at\",\"type\":\"datetime\",\"args\":[{\"useTz\":false,\"precision\":6}],\"defaultTo\":null,\"notNullable\":false,\"unsigned\":false},{\"name\":\"created_by_id\",\"type\":\"integer\",\"args\":[],\"defaultTo\":null,\"notNullable\":false,\"unsigned\":true},{\"name\":\"updated_by_id\",\"type\":\"integer\",\"args\":[],\"defaultTo\":null,\"notNullable\":false,\"unsigned\":true}]},{\"name\":\"strapi_transfer_token_permissions\",\"indexes\":[{\"name\":\"strapi_transfer_token_permissions_created_by_id_fk\",\"columns\":[\"created_by_id\"]},{\"name\":\"strapi_transfer_token_permissions_updated_by_id_fk\",\"columns\":[\"updated_by_id\"]}],\"foreignKeys\":[{\"name\":\"strapi_transfer_token_permissions_created_by_id_fk\",\"columns\":[\"created_by_id\"],\"referencedTable\":\"admin_users\",\"referencedColumns\":[\"id\"],\"onDelete\":\"SET NULL\"},{\"name\":\"strapi_transfer_token_permissions_updated_by_id_fk\",\"columns\":[\"updated_by_id\"],\"referencedTable\":\"admin_users\",\"referencedColumns\":[\"id\"],\"onDelete\":\"SET NULL\"}],\"columns\":[{\"name\":\"id\",\"type\":\"increments\",\"args\":[{\"primary\":true,\"primaryKey\":true}],\"defaultTo\":null,\"notNullable\":true,\"unsigned\":false},{\"name\":\"action\",\"type\":\"string\",\"args\":[],\"defaultTo\":null,\"notNullable\":false,\"unsigned\":false},{\"name\":\"created_at\",\"type\":\"datetime\",\"args\":[{\"useTz\":false,\"precision\":6}],\"defaultTo\":null,\"notNullable\":false,\"unsigned\":false},{\"name\":\"updated_at\",\"type\":\"datetime\",\"args\":[{\"useTz\":false,\"precision\":6}],\"defaultTo\":null,\"notNullable\":false,\"unsigned\":false},{\"name\":\"created_by_id\",\"type\":\"integer\",\"args\":[],\"defaultTo\":null,\"notNullable\":false,\"unsigned\":true},{\"name\":\"updated_by_id\",\"type\":\"integer\",\"args\":[],\"defaultTo\":null,\"notNullable\":false,\"unsigned\":true}]},{\"name\":\"appointments\",\"indexes\":[{\"name\":\"appointments_created_by_id_fk\",\"columns\":[\"created_by_id\"]},{\"name\":\"appointments_updated_by_id_fk\",\"columns\":[\"updated_by_id\"]}],\"foreignKeys\":[{\"name\":\"appointments_created_by_id_fk\",\"columns\":[\"created_by_id\"],\"referencedTable\":\"admin_users\",\"referencedColumns\":[\"id\"],\"onDelete\":\"SET NULL\"},{\"name\":\"appointments_updated_by_id_fk\",\"columns\":[\"updated_by_id\"],\"referencedTable\":\"admin_users\",\"referencedColumns\":[\"id\"],\"onDelete\":\"SET NULL\"}],\"columns\":[{\"name\":\"id\",\"type\":\"increments\",\"args\":[{\"primary\":true,\"primaryKey\":true}],\"defaultTo\":null,\"notNullable\":true,\"unsigned\":false},{\"name\":\"symptoms\",\"type\":\"text\",\"args\":[\"longtext\"],\"defaultTo\":null,\"notNullable\":false,\"unsigned\":false},{\"name\":\"desc\",\"type\":\"text\",\"args\":[\"longtext\"],\"defaultTo\":null,\"notNullable\":false,\"unsigned\":false},{\"name\":\"aptstatus\",\"type\":\"string\",\"args\":[],\"defaultTo\":null,\"notNullable\":false,\"unsigned\":false},{\"name\":\"aptdate\",\"type\":\"string\",\"args\":[],\"defaultTo\":null,\"notNullable\":false,\"unsigned\":false},{\"name\":\"patientid\",\"type\":\"bigInteger\",\"args\":[],\"defaultTo\":null,\"notNullable\":false,\"unsigned\":false},{\"name\":\"doctorid\",\"type\":\"bigInteger\",\"args\":[],\"defaultTo\":null,\"notNullable\":false,\"unsigned\":false},{\"name\":\"diagnosis\",\"type\":\"text\",\"args\":[\"longtext\"],\"defaultTo\":null,\"notNullable\":false,\"unsigned\":false},{\"name\":\"commentsbydoc\",\"type\":\"text\",\"args\":[\"longtext\"],\"defaultTo\":null,\"notNullable\":false,\"unsigned\":false},{\"name\":\"presc\",\"type\":\"text\",\"args\":[\"longtext\"],\"defaultTo\":null,\"notNullable\":false,\"unsigned\":false},{\"name\":\"created_at\",\"type\":\"datetime\",\"args\":[{\"useTz\":false,\"precision\":6}],\"defaultTo\":null,\"notNullable\":false,\"unsigned\":false},{\"name\":\"updated_at\",\"type\":\"datetime\",\"args\":[{\"useTz\":false,\"precision\":6}],\"defaultTo\":null,\"notNullable\":false,\"unsigned\":false},{\"name\":\"published_at\",\"type\":\"datetime\",\"args\":[{\"useTz\":false,\"precision\":6}],\"defaultTo\":null,\"notNullable\":false,\"unsigned\":false},{\"name\":\"created_by_id\",\"type\":\"integer\",\"args\":[],\"defaultTo\":null,\"notNullable\":false,\"unsigned\":true},{\"name\":\"updated_by_id\",\"type\":\"integer\",\"args\":[],\"defaultTo\":null,\"notNullable\":false,\"unsigned\":true}]},{\"name\":\"doctors\",\"indexes\":[{\"name\":\"doctors_created_by_id_fk\",\"columns\":[\"created_by_id\"]},{\"name\":\"doctors_updated_by_id_fk\",\"columns\":[\"updated_by_id\"]}],\"foreignKeys\":[{\"name\":\"doctors_created_by_id_fk\",\"columns\":[\"created_by_id\"],\"referencedTable\":\"admin_users\",\"referencedColumns\":[\"id\"],\"onDelete\":\"SET NULL\"},{\"name\":\"doctors_updated_by_id_fk\",\"columns\":[\"updated_by_id\"],\"referencedTable\":\"admin_users\",\"referencedColumns\":[\"id\"],\"onDelete\":\"SET NULL\"}],\"columns\":[{\"name\":\"id\",\"type\":\"increments\",\"args\":[{\"primary\":true,\"primaryKey\":true}],\"defaultTo\":null,\"notNullable\":true,\"unsigned\":false},{\"name\":\"doctor_name\",\"type\":\"string\",\"args\":[],\"defaultTo\":null,\"notNullable\":false,\"unsigned\":false},{\"name\":\"doctor_email\",\"type\":\"string\",\"args\":[],\"defaultTo\":null,\"notNullable\":false,\"unsigned\":false},{\"name\":\"userid\",\"type\":\"bigInteger\",\"args\":[],\"defaultTo\":null,\"notNullable\":false,\"unsigned\":false},{\"name\":\"specl\",\"type\":\"text\",\"args\":[\"longtext\"],\"defaultTo\":null,\"notNullable\":false,\"unsigned\":false},{\"name\":\"created_at\",\"type\":\"datetime\",\"args\":[{\"useTz\":false,\"precision\":6}],\"defaultTo\":null,\"notNullable\":false,\"unsigned\":false},{\"name\":\"updated_at\",\"type\":\"datetime\",\"args\":[{\"useTz\":false,\"precision\":6}],\"defaultTo\":null,\"notNullable\":false,\"unsigned\":false},{\"name\":\"published_at\",\"type\":\"datetime\",\"args\":[{\"useTz\":false,\"precision\":6}],\"defaultTo\":null,\"notNullable\":false,\"unsigned\":false},{\"name\":\"created_by_id\",\"type\":\"integer\",\"args\":[],\"defaultTo\":null,\"notNullable\":false,\"unsigned\":true},{\"name\":\"updated_by_id\",\"type\":\"integer\",\"args\":[],\"defaultTo\":null,\"notNullable\":false,\"unsigned\":true}]},{\"name\":\"patients\",\"indexes\":[{\"name\":\"patients_created_by_id_fk\",\"columns\":[\"created_by_id\"]},{\"name\":\"patients_updated_by_id_fk\",\"columns\":[\"updated_by_id\"]}],\"foreignKeys\":[{\"name\":\"patients_created_by_id_fk\",\"columns\":[\"created_by_id\"],\"referencedTable\":\"admin_users\",\"referencedColumns\":[\"id\"],\"onDelete\":\"SET NULL\"},{\"name\":\"patients_updated_by_id_fk\",\"columns\":[\"updated_by_id\"],\"referencedTable\":\"admin_users\",\"referencedColumns\":[\"id\"],\"onDelete\":\"SET NULL\"}],\"columns\":[{\"name\":\"id\",\"type\":\"increments\",\"args\":[{\"primary\":true,\"primaryKey\":true}],\"defaultTo\":null,\"notNullable\":true,\"unsigned\":false},{\"name\":\"patient_name\",\"type\":\"string\",\"args\":[],\"defaultTo\":null,\"notNullable\":false,\"unsigned\":false},{\"name\":\"patient_email\",\"type\":\"string\",\"args\":[],\"defaultTo\":null,\"notNullable\":false,\"unsigned\":false},{\"name\":\"patient_age\",\"type\":\"string\",\"args\":[],\"defaultTo\":null,\"notNullable\":false,\"unsigned\":false},{\"name\":\"userid\",\"type\":\"bigInteger\",\"args\":[],\"defaultTo\":null,\"notNullable\":false,\"unsigned\":false},{\"name\":\"created_at\",\"type\":\"datetime\",\"args\":[{\"useTz\":false,\"precision\":6}],\"defaultTo\":null,\"notNullable\":false,\"unsigned\":false},{\"name\":\"updated_at\",\"type\":\"datetime\",\"args\":[{\"useTz\":false,\"precision\":6}],\"defaultTo\":null,\"notNullable\":false,\"unsigned\":false},{\"name\":\"published_at\",\"type\":\"datetime\",\"args\":[{\"useTz\":false,\"precision\":6}],\"defaultTo\":null,\"notNullable\":false,\"unsigned\":false},{\"name\":\"created_by_id\",\"type\":\"integer\",\"args\":[],\"defaultTo\":null,\"notNullable\":false,\"unsigned\":true},{\"name\":\"updated_by_id\",\"type\":\"integer\",\"args\":[],\"defaultTo\":null,\"notNullable\":false,\"unsigned\":true}]},{\"name\":\"files\",\"indexes\":[{\"name\":\"upload_files_folder_path_index\",\"columns\":[\"folder_path\"],\"type\":null},{\"name\":\"upload_files_created_at_index\",\"columns\":[\"created_at\"],\"type\":null},{\"name\":\"upload_files_updated_at_index\",\"columns\":[\"updated_at\"],\"type\":null},{\"name\":\"upload_files_name_index\",\"columns\":[\"name\"],\"type\":null},{\"name\":\"upload_files_size_index\",\"columns\":[\"size\"],\"type\":null},{\"name\":\"upload_files_ext_index\",\"columns\":[\"ext\"],\"type\":null},{\"name\":\"files_created_by_id_fk\",\"columns\":[\"created_by_id\"]},{\"name\":\"files_updated_by_id_fk\",\"columns\":[\"updated_by_id\"]}],\"foreignKeys\":[{\"name\":\"files_created_by_id_fk\",\"columns\":[\"created_by_id\"],\"referencedTable\":\"admin_users\",\"referencedColumns\":[\"id\"],\"onDelete\":\"SET NULL\"},{\"name\":\"files_updated_by_id_fk\",\"columns\":[\"updated_by_id\"],\"referencedTable\":\"admin_users\",\"referencedColumns\":[\"id\"],\"onDelete\":\"SET NULL\"}],\"columns\":[{\"name\":\"id\",\"type\":\"increments\",\"args\":[{\"primary\":true,\"primaryKey\":true}],\"defaultTo\":null,\"notNullable\":true,\"unsigned\":false},{\"name\":\"name\",\"type\":\"string\",\"args\":[],\"defaultTo\":null,\"notNullable\":false,\"unsigned\":false},{\"name\":\"alternative_text\",\"type\":\"string\",\"args\":[],\"defaultTo\":null,\"notNullable\":false,\"unsigned\":false},{\"name\":\"caption\",\"type\":\"string\",\"args\":[],\"defaultTo\":null,\"notNullable\":false,\"unsigned\":false},{\"name\":\"width\",\"type\":\"integer\",\"args\":[],\"defaultTo\":null,\"notNullable\":false,\"unsigned\":false},{\"name\":\"height\",\"type\":\"integer\",\"args\":[],\"defaultTo\":null,\"notNullable\":false,\"unsigned\":false},{\"name\":\"formats\",\"type\":\"jsonb\",\"args\":[],\"defaultTo\":null,\"notNullable\":false,\"unsigned\":false},{\"name\":\"hash\",\"type\":\"string\",\"args\":[],\"defaultTo\":null,\"notNullable\":false,\"unsigned\":false},{\"name\":\"ext\",\"type\":\"string\",\"args\":[],\"defaultTo\":null,\"notNullable\":false,\"unsigned\":false},{\"name\":\"mime\",\"type\":\"string\",\"args\":[],\"defaultTo\":null,\"notNullable\":false,\"unsigned\":false},{\"name\":\"size\",\"type\":\"decimal\",\"args\":[10,2],\"defaultTo\":null,\"notNullable\":false,\"unsigned\":false},{\"name\":\"url\",\"type\":\"string\",\"args\":[],\"defaultTo\":null,\"notNullable\":false,\"unsigned\":false},{\"name\":\"preview_url\",\"type\":\"string\",\"args\":[],\"defaultTo\":null,\"notNullable\":false,\"unsigned\":false},{\"name\":\"provider\",\"type\":\"string\",\"args\":[],\"defaultTo\":null,\"notNullable\":false,\"unsigned\":false},{\"name\":\"provider_metadata\",\"type\":\"jsonb\",\"args\":[],\"defaultTo\":null,\"notNullable\":false,\"unsigned\":false},{\"name\":\"folder_path\",\"type\":\"string\",\"args\":[],\"defaultTo\":null,\"notNullable\":false,\"unsigned\":false},{\"name\":\"created_at\",\"type\":\"datetime\",\"args\":[{\"useTz\":false,\"precision\":6}],\"defaultTo\":null,\"notNullable\":false,\"unsigned\":false},{\"name\":\"updated_at\",\"type\":\"datetime\",\"args\":[{\"useTz\":false,\"precision\":6}],\"defaultTo\":null,\"notNullable\":false,\"unsigned\":false},{\"name\":\"created_by_id\",\"type\":\"integer\",\"args\":[],\"defaultTo\":null,\"notNullable\":false,\"unsigned\":true},{\"name\":\"updated_by_id\",\"type\":\"integer\",\"args\":[],\"defaultTo\":null,\"notNullable\":false,\"unsigned\":true}]},{\"name\":\"upload_folders\",\"indexes\":[{\"name\":\"upload_folders_path_id_index\",\"columns\":[\"path_id\"],\"type\":\"unique\"},{\"name\":\"upload_folders_path_index\",\"columns\":[\"path\"],\"type\":\"unique\"},{\"name\":\"upload_folders_created_by_id_fk\",\"columns\":[\"created_by_id\"]},{\"name\":\"upload_folders_updated_by_id_fk\",\"columns\":[\"updated_by_id\"]}],\"foreignKeys\":[{\"name\":\"upload_folders_created_by_id_fk\",\"columns\":[\"created_by_id\"],\"referencedTable\":\"admin_users\",\"referencedColumns\":[\"id\"],\"onDelete\":\"SET NULL\"},{\"name\":\"upload_folders_updated_by_id_fk\",\"columns\":[\"updated_by_id\"],\"referencedTable\":\"admin_users\",\"referencedColumns\":[\"id\"],\"onDelete\":\"SET NULL\"}],\"columns\":[{\"name\":\"id\",\"type\":\"increments\",\"args\":[{\"primary\":true,\"primaryKey\":true}],\"defaultTo\":null,\"notNullable\":true,\"unsigned\":false},{\"name\":\"name\",\"type\":\"string\",\"args\":[],\"defaultTo\":null,\"notNullable\":false,\"unsigned\":false},{\"name\":\"path_id\",\"type\":\"integer\",\"args\":[],\"defaultTo\":null,\"notNullable\":false,\"unsigned\":false},{\"name\":\"path\",\"type\":\"string\",\"args\":[],\"defaultTo\":null,\"notNullable\":false,\"unsigned\":false},{\"name\":\"created_at\",\"type\":\"datetime\",\"args\":[{\"useTz\":false,\"precision\":6}],\"defaultTo\":null,\"notNullable\":false,\"unsigned\":false},{\"name\":\"updated_at\",\"type\":\"datetime\",\"args\":[{\"useTz\":false,\"precision\":6}],\"defaultTo\":null,\"notNullable\":false,\"unsigned\":false},{\"name\":\"created_by_id\",\"type\":\"integer\",\"args\":[],\"defaultTo\":null,\"notNullable\":false,\"unsigned\":true},{\"name\":\"updated_by_id\",\"type\":\"integer\",\"args\":[],\"defaultTo\":null,\"notNullable\":false,\"unsigned\":true}]},{\"name\":\"i18n_locale\",\"indexes\":[{\"name\":\"i18n_locale_created_by_id_fk\",\"columns\":[\"created_by_id\"]},{\"name\":\"i18n_locale_updated_by_id_fk\",\"columns\":[\"updated_by_id\"]}],\"foreignKeys\":[{\"name\":\"i18n_locale_created_by_id_fk\",\"columns\":[\"created_by_id\"],\"referencedTable\":\"admin_users\",\"referencedColumns\":[\"id\"],\"onDelete\":\"SET NULL\"},{\"name\":\"i18n_locale_updated_by_id_fk\",\"columns\":[\"updated_by_id\"],\"referencedTable\":\"admin_users\",\"referencedColumns\":[\"id\"],\"onDelete\":\"SET NULL\"}],\"columns\":[{\"name\":\"id\",\"type\":\"increments\",\"args\":[{\"primary\":true,\"primaryKey\":true}],\"defaultTo\":null,\"notNullable\":true,\"unsigned\":false},{\"name\":\"name\",\"type\":\"string\",\"args\":[],\"defaultTo\":null,\"notNullable\":false,\"unsigned\":false},{\"name\":\"code\",\"type\":\"string\",\"args\":[],\"defaultTo\":null,\"notNullable\":false,\"unsigned\":false},{\"name\":\"created_at\",\"type\":\"datetime\",\"args\":[{\"useTz\":false,\"precision\":6}],\"defaultTo\":null,\"notNullable\":false,\"unsigned\":false},{\"name\":\"updated_at\",\"type\":\"datetime\",\"args\":[{\"useTz\":false,\"precision\":6}],\"defaultTo\":null,\"notNullable\":false,\"unsigned\":false},{\"name\":\"created_by_id\",\"type\":\"integer\",\"args\":[],\"defaultTo\":null,\"notNullable\":false,\"unsigned\":true},{\"name\":\"updated_by_id\",\"type\":\"integer\",\"args\":[],\"defaultTo\":null,\"notNullable\":false,\"unsigned\":true}]},{\"name\":\"up_permissions\",\"indexes\":[{\"name\":\"up_permissions_created_by_id_fk\",\"columns\":[\"created_by_id\"]},{\"name\":\"up_permissions_updated_by_id_fk\",\"columns\":[\"updated_by_id\"]}],\"foreignKeys\":[{\"name\":\"up_permissions_created_by_id_fk\",\"columns\":[\"created_by_id\"],\"referencedTable\":\"admin_users\",\"referencedColumns\":[\"id\"],\"onDelete\":\"SET NULL\"},{\"name\":\"up_permissions_updated_by_id_fk\",\"columns\":[\"updated_by_id\"],\"referencedTable\":\"admin_users\",\"referencedColumns\":[\"id\"],\"onDelete\":\"SET NULL\"}],\"columns\":[{\"name\":\"id\",\"type\":\"increments\",\"args\":[{\"primary\":true,\"primaryKey\":true}],\"defaultTo\":null,\"notNullable\":true,\"unsigned\":false},{\"name\":\"action\",\"type\":\"string\",\"args\":[],\"defaultTo\":null,\"notNullable\":false,\"unsigned\":false},{\"name\":\"created_at\",\"type\":\"datetime\",\"args\":[{\"useTz\":false,\"precision\":6}],\"defaultTo\":null,\"notNullable\":false,\"unsigned\":false},{\"name\":\"updated_at\",\"type\":\"datetime\",\"args\":[{\"useTz\":false,\"precision\":6}],\"defaultTo\":null,\"notNullable\":false,\"unsigned\":false},{\"name\":\"created_by_id\",\"type\":\"integer\",\"args\":[],\"defaultTo\":null,\"notNullable\":false,\"unsigned\":true},{\"name\":\"updated_by_id\",\"type\":\"integer\",\"args\":[],\"defaultTo\":null,\"notNullable\":false,\"unsigned\":true}]},{\"name\":\"up_roles\",\"indexes\":[{\"name\":\"up_roles_created_by_id_fk\",\"columns\":[\"created_by_id\"]},{\"name\":\"up_roles_updated_by_id_fk\",\"columns\":[\"updated_by_id\"]}],\"foreignKeys\":[{\"name\":\"up_roles_created_by_id_fk\",\"columns\":[\"created_by_id\"],\"referencedTable\":\"admin_users\",\"referencedColumns\":[\"id\"],\"onDelete\":\"SET NULL\"},{\"name\":\"up_roles_updated_by_id_fk\",\"columns\":[\"updated_by_id\"],\"referencedTable\":\"admin_users\",\"referencedColumns\":[\"id\"],\"onDelete\":\"SET NULL\"}],\"columns\":[{\"name\":\"id\",\"type\":\"increments\",\"args\":[{\"primary\":true,\"primaryKey\":true}],\"defaultTo\":null,\"notNullable\":true,\"unsigned\":false},{\"name\":\"name\",\"type\":\"string\",\"args\":[],\"defaultTo\":null,\"notNullable\":false,\"unsigned\":false},{\"name\":\"description\",\"type\":\"string\",\"args\":[],\"defaultTo\":null,\"notNullable\":false,\"unsigned\":false},{\"name\":\"type\",\"type\":\"string\",\"args\":[],\"defaultTo\":null,\"notNullable\":false,\"unsigned\":false},{\"name\":\"created_at\",\"type\":\"datetime\",\"args\":[{\"useTz\":false,\"precision\":6}],\"defaultTo\":null,\"notNullable\":false,\"unsigned\":false},{\"name\":\"updated_at\",\"type\":\"datetime\",\"args\":[{\"useTz\":false,\"precision\":6}],\"defaultTo\":null,\"notNullable\":false,\"unsigned\":false},{\"name\":\"created_by_id\",\"type\":\"integer\",\"args\":[],\"defaultTo\":null,\"notNullable\":false,\"unsigned\":true},{\"name\":\"updated_by_id\",\"type\":\"integer\",\"args\":[],\"defaultTo\":null,\"notNullable\":false,\"unsigned\":true}]},{\"name\":\"up_users\",\"indexes\":[{\"name\":\"up_users_created_by_id_fk\",\"columns\":[\"created_by_id\"]},{\"name\":\"up_users_updated_by_id_fk\",\"columns\":[\"updated_by_id\"]}],\"foreignKeys\":[{\"name\":\"up_users_created_by_id_fk\",\"columns\":[\"created_by_id\"],\"referencedTable\":\"admin_users\",\"referencedColumns\":[\"id\"],\"onDelete\":\"SET NULL\"},{\"name\":\"up_users_updated_by_id_fk\",\"columns\":[\"updated_by_id\"],\"referencedTable\":\"admin_users\",\"referencedColumns\":[\"id\"],\"onDelete\":\"SET NULL\"}],\"columns\":[{\"name\":\"id\",\"type\":\"increments\",\"args\":[{\"primary\":true,\"primaryKey\":true}],\"defaultTo\":null,\"notNullable\":true,\"unsigned\":false},{\"name\":\"username\",\"type\":\"string\",\"args\":[],\"defaultTo\":null,\"notNullable\":false,\"unsigned\":false},{\"name\":\"email\",\"type\":\"string\",\"args\":[],\"defaultTo\":null,\"notNullable\":false,\"unsigned\":false},{\"name\":\"provider\",\"type\":\"string\",\"args\":[],\"defaultTo\":null,\"notNullable\":false,\"unsigned\":false},{\"name\":\"password\",\"type\":\"string\",\"args\":[],\"defaultTo\":null,\"notNullable\":false,\"unsigned\":false},{\"name\":\"reset_password_token\",\"type\":\"string\",\"args\":[],\"defaultTo\":null,\"notNullable\":false,\"unsigned\":false},{\"name\":\"confirmation_token\",\"type\":\"string\",\"args\":[],\"defaultTo\":null,\"notNullable\":false,\"unsigned\":false},{\"name\":\"confirmed\",\"type\":\"boolean\",\"args\":[],\"defaultTo\":null,\"notNullable\":false,\"unsigned\":false},{\"name\":\"blocked\",\"type\":\"boolean\",\"args\":[],\"defaultTo\":null,\"notNullable\":false,\"unsigned\":false},{\"name\":\"usertype\",\"type\":\"string\",\"args\":[],\"defaultTo\":null,\"notNullable\":false,\"unsigned\":false},{\"name\":\"created_at\",\"type\":\"datetime\",\"args\":[{\"useTz\":false,\"precision\":6}],\"defaultTo\":null,\"notNullable\":false,\"unsigned\":false},{\"name\":\"updated_at\",\"type\":\"datetime\",\"args\":[{\"useTz\":false,\"precision\":6}],\"defaultTo\":null,\"notNullable\":false,\"unsigned\":false},{\"name\":\"created_by_id\",\"type\":\"integer\",\"args\":[],\"defaultTo\":null,\"notNullable\":false,\"unsigned\":true},{\"name\":\"updated_by_id\",\"type\":\"integer\",\"args\":[],\"defaultTo\":null,\"notNullable\":false,\"unsigned\":true}]},{\"name\":\"admin_permissions_role_links\",\"indexes\":[{\"name\":\"admin_permissions_role_links_fk\",\"columns\":[\"permission_id\"]},{\"name\":\"admin_permissions_role_links_inv_fk\",\"columns\":[\"role_id\"]},{\"name\":\"admin_permissions_role_links_unique\",\"columns\":[\"permission_id\",\"role_id\"],\"type\":\"unique\"},{\"name\":\"admin_permissions_role_links_order_inv_fk\",\"columns\":[\"permission_order\"]}],\"foreignKeys\":[{\"name\":\"admin_permissions_role_links_fk\",\"columns\":[\"permission_id\"],\"referencedColumns\":[\"id\"],\"referencedTable\":\"admin_permissions\",\"onDelete\":\"CASCADE\"},{\"name\":\"admin_permissions_role_links_inv_fk\",\"columns\":[\"role_id\"],\"referencedColumns\":[\"id\"],\"referencedTable\":\"admin_roles\",\"onDelete\":\"CASCADE\"}],\"columns\":[{\"name\":\"id\",\"type\":\"increments\",\"args\":[{\"primary\":true,\"primaryKey\":true}],\"defaultTo\":null,\"notNullable\":true,\"unsigned\":false},{\"name\":\"permission_id\",\"type\":\"integer\",\"args\":[],\"defaultTo\":null,\"notNullable\":false,\"unsigned\":true},{\"name\":\"role_id\",\"type\":\"integer\",\"args\":[],\"defaultTo\":null,\"notNullable\":false,\"unsigned\":true},{\"name\":\"permission_order\",\"type\":\"double\",\"args\":[],\"defaultTo\":null,\"notNullable\":false,\"unsigned\":true}]},{\"name\":\"admin_users_roles_links\",\"indexes\":[{\"name\":\"admin_users_roles_links_fk\",\"columns\":[\"user_id\"]},{\"name\":\"admin_users_roles_links_inv_fk\",\"columns\":[\"role_id\"]},{\"name\":\"admin_users_roles_links_unique\",\"columns\":[\"user_id\",\"role_id\"],\"type\":\"unique\"},{\"name\":\"admin_users_roles_links_order_fk\",\"columns\":[\"role_order\"]},{\"name\":\"admin_users_roles_links_order_inv_fk\",\"columns\":[\"user_order\"]}],\"foreignKeys\":[{\"name\":\"admin_users_roles_links_fk\",\"columns\":[\"user_id\"],\"referencedColumns\":[\"id\"],\"referencedTable\":\"admin_users\",\"onDelete\":\"CASCADE\"},{\"name\":\"admin_users_roles_links_inv_fk\",\"columns\":[\"role_id\"],\"referencedColumns\":[\"id\"],\"referencedTable\":\"admin_roles\",\"onDelete\":\"CASCADE\"}],\"columns\":[{\"name\":\"id\",\"type\":\"increments\",\"args\":[{\"primary\":true,\"primaryKey\":true}],\"defaultTo\":null,\"notNullable\":true,\"unsigned\":false},{\"name\":\"user_id\",\"type\":\"integer\",\"args\":[],\"defaultTo\":null,\"notNullable\":false,\"unsigned\":true},{\"name\":\"role_id\",\"type\":\"integer\",\"args\":[],\"defaultTo\":null,\"notNullable\":false,\"unsigned\":true},{\"name\":\"role_order\",\"type\":\"double\",\"args\":[],\"defaultTo\":null,\"notNullable\":false,\"unsigned\":true},{\"name\":\"user_order\",\"type\":\"double\",\"args\":[],\"defaultTo\":null,\"notNullable\":false,\"unsigned\":true}]},{\"name\":\"strapi_api_token_permissions_token_links\",\"indexes\":[{\"name\":\"strapi_api_token_permissions_token_links_fk\",\"columns\":[\"api_token_permission_id\"]},{\"name\":\"strapi_api_token_permissions_token_links_inv_fk\",\"columns\":[\"api_token_id\"]},{\"name\":\"strapi_api_token_permissions_token_links_unique\",\"columns\":[\"api_token_permission_id\",\"api_token_id\"],\"type\":\"unique\"},{\"name\":\"strapi_api_token_permissions_token_links_order_inv_fk\",\"columns\":[\"api_token_permission_order\"]}],\"foreignKeys\":[{\"name\":\"strapi_api_token_permissions_token_links_fk\",\"columns\":[\"api_token_permission_id\"],\"referencedColumns\":[\"id\"],\"referencedTable\":\"strapi_api_token_permissions\",\"onDelete\":\"CASCADE\"},{\"name\":\"strapi_api_token_permissions_token_links_inv_fk\",\"columns\":[\"api_token_id\"],\"referencedColumns\":[\"id\"],\"referencedTable\":\"strapi_api_tokens\",\"onDelete\":\"CASCADE\"}],\"columns\":[{\"name\":\"id\",\"type\":\"increments\",\"args\":[{\"primary\":true,\"primaryKey\":true}],\"defaultTo\":null,\"notNullable\":true,\"unsigned\":false},{\"name\":\"api_token_permission_id\",\"type\":\"integer\",\"args\":[],\"defaultTo\":null,\"notNullable\":false,\"unsigned\":true},{\"name\":\"api_token_id\",\"type\":\"integer\",\"args\":[],\"defaultTo\":null,\"notNullable\":false,\"unsigned\":true},{\"name\":\"api_token_permission_order\",\"type\":\"double\",\"args\":[],\"defaultTo\":null,\"notNullable\":false,\"unsigned\":true}]},{\"name\":\"strapi_transfer_token_permissions_token_links\",\"indexes\":[{\"name\":\"strapi_transfer_token_permissions_token_links_fk\",\"columns\":[\"transfer_token_permission_id\"]},{\"name\":\"strapi_transfer_token_permissions_token_links_inv_fk\",\"columns\":[\"transfer_token_id\"]},{\"name\":\"strapi_transfer_token_permissions_token_links_unique\",\"columns\":[\"transfer_token_permission_id\",\"transfer_token_id\"],\"type\":\"unique\"},{\"name\":\"strapi_transfer_token_permissions_token_links_order_inv_fk\",\"columns\":[\"transfer_token_permission_order\"]}],\"foreignKeys\":[{\"name\":\"strapi_transfer_token_permissions_token_links_fk\",\"columns\":[\"transfer_token_permission_id\"],\"referencedColumns\":[\"id\"],\"referencedTable\":\"strapi_transfer_token_permissions\",\"onDelete\":\"CASCADE\"},{\"name\":\"strapi_transfer_token_permissions_token_links_inv_fk\",\"columns\":[\"transfer_token_id\"],\"referencedColumns\":[\"id\"],\"referencedTable\":\"strapi_transfer_tokens\",\"onDelete\":\"CASCADE\"}],\"columns\":[{\"name\":\"id\",\"type\":\"increments\",\"args\":[{\"primary\":true,\"primaryKey\":true}],\"defaultTo\":null,\"notNullable\":true,\"unsigned\":false},{\"name\":\"transfer_token_permission_id\",\"type\":\"integer\",\"args\":[],\"defaultTo\":null,\"notNullable\":false,\"unsigned\":true},{\"name\":\"transfer_token_id\",\"type\":\"integer\",\"args\":[],\"defaultTo\":null,\"notNullable\":false,\"unsigned\":true},{\"name\":\"transfer_token_permission_order\",\"type\":\"double\",\"args\":[],\"defaultTo\":null,\"notNullable\":false,\"unsigned\":true}]},{\"name\":\"files_related_morphs\",\"indexes\":[{\"name\":\"files_related_morphs_fk\",\"columns\":[\"file_id\"]},{\"name\":\"files_related_morphs_order_index\",\"columns\":[\"order\"],\"type\":null},{\"name\":\"files_related_morphs_id_column_index\",\"columns\":[\"related_id\"],\"type\":null}],\"foreignKeys\":[{\"name\":\"files_related_morphs_fk\",\"columns\":[\"file_id\"],\"referencedColumns\":[\"id\"],\"referencedTable\":\"files\",\"onDelete\":\"CASCADE\"}],\"columns\":[{\"name\":\"id\",\"type\":\"increments\",\"args\":[{\"primary\":true,\"primaryKey\":true}],\"defaultTo\":null,\"notNullable\":true,\"unsigned\":false},{\"name\":\"file_id\",\"type\":\"integer\",\"args\":[],\"defaultTo\":null,\"notNullable\":false,\"unsigned\":true},{\"name\":\"related_id\",\"type\":\"integer\",\"args\":[],\"defaultTo\":null,\"notNullable\":false,\"unsigned\":true},{\"name\":\"related_type\",\"type\":\"string\",\"args\":[],\"defaultTo\":null,\"notNullable\":false,\"unsigned\":false},{\"name\":\"field\",\"type\":\"string\",\"args\":[],\"defaultTo\":null,\"notNullable\":false,\"unsigned\":false},{\"name\":\"order\",\"type\":\"double\",\"args\":[],\"defaultTo\":null,\"notNullable\":false,\"unsigned\":true}]},{\"name\":\"files_folder_links\",\"indexes\":[{\"name\":\"files_folder_links_fk\",\"columns\":[\"file_id\"]},{\"name\":\"files_folder_links_inv_fk\",\"columns\":[\"folder_id\"]},{\"name\":\"files_folder_links_unique\",\"columns\":[\"file_id\",\"folder_id\"],\"type\":\"unique\"},{\"name\":\"files_folder_links_order_inv_fk\",\"columns\":[\"file_order\"]}],\"foreignKeys\":[{\"name\":\"files_folder_links_fk\",\"columns\":[\"file_id\"],\"referencedColumns\":[\"id\"],\"referencedTable\":\"files\",\"onDelete\":\"CASCADE\"},{\"name\":\"files_folder_links_inv_fk\",\"columns\":[\"folder_id\"],\"referencedColumns\":[\"id\"],\"referencedTable\":\"upload_folders\",\"onDelete\":\"CASCADE\"}],\"columns\":[{\"name\":\"id\",\"type\":\"increments\",\"args\":[{\"primary\":true,\"primaryKey\":true}],\"defaultTo\":null,\"notNullable\":true,\"unsigned\":false},{\"name\":\"file_id\",\"type\":\"integer\",\"args\":[],\"defaultTo\":null,\"notNullable\":false,\"unsigned\":true},{\"name\":\"folder_id\",\"type\":\"integer\",\"args\":[],\"defaultTo\":null,\"notNullable\":false,\"unsigned\":true},{\"name\":\"file_order\",\"type\":\"double\",\"args\":[],\"defaultTo\":null,\"notNullable\":false,\"unsigned\":true}]},{\"name\":\"upload_folders_parent_links\",\"indexes\":[{\"name\":\"upload_folders_parent_links_fk\",\"columns\":[\"folder_id\"]},{\"name\":\"upload_folders_parent_links_inv_fk\",\"columns\":[\"inv_folder_id\"]},{\"name\":\"upload_folders_parent_links_unique\",\"columns\":[\"folder_id\",\"inv_folder_id\"],\"type\":\"unique\"},{\"name\":\"upload_folders_parent_links_order_inv_fk\",\"columns\":[\"folder_order\"]}],\"foreignKeys\":[{\"name\":\"upload_folders_parent_links_fk\",\"columns\":[\"folder_id\"],\"referencedColumns\":[\"id\"],\"referencedTable\":\"upload_folders\",\"onDelete\":\"CASCADE\"},{\"name\":\"upload_folders_parent_links_inv_fk\",\"columns\":[\"inv_folder_id\"],\"referencedColumns\":[\"id\"],\"referencedTable\":\"upload_folders\",\"onDelete\":\"CASCADE\"}],\"columns\":[{\"name\":\"id\",\"type\":\"increments\",\"args\":[{\"primary\":true,\"primaryKey\":true}],\"defaultTo\":null,\"notNullable\":true,\"unsigned\":false},{\"name\":\"folder_id\",\"type\":\"integer\",\"args\":[],\"defaultTo\":null,\"notNullable\":false,\"unsigned\":true},{\"name\":\"inv_folder_id\",\"type\":\"integer\",\"args\":[],\"defaultTo\":null,\"notNullable\":false,\"unsigned\":true},{\"name\":\"folder_order\",\"type\":\"double\",\"args\":[],\"defaultTo\":null,\"notNullable\":false,\"unsigned\":true}]},{\"name\":\"up_permissions_role_links\",\"indexes\":[{\"name\":\"up_permissions_role_links_fk\",\"columns\":[\"permission_id\"]},{\"name\":\"up_permissions_role_links_inv_fk\",\"columns\":[\"role_id\"]},{\"name\":\"up_permissions_role_links_unique\",\"columns\":[\"permission_id\",\"role_id\"],\"type\":\"unique\"},{\"name\":\"up_permissions_role_links_order_inv_fk\",\"columns\":[\"permission_order\"]}],\"foreignKeys\":[{\"name\":\"up_permissions_role_links_fk\",\"columns\":[\"permission_id\"],\"referencedColumns\":[\"id\"],\"referencedTable\":\"up_permissions\",\"onDelete\":\"CASCADE\"},{\"name\":\"up_permissions_role_links_inv_fk\",\"columns\":[\"role_id\"],\"referencedColumns\":[\"id\"],\"referencedTable\":\"up_roles\",\"onDelete\":\"CASCADE\"}],\"columns\":[{\"name\":\"id\",\"type\":\"increments\",\"args\":[{\"primary\":true,\"primaryKey\":true}],\"defaultTo\":null,\"notNullable\":true,\"unsigned\":false},{\"name\":\"permission_id\",\"type\":\"integer\",\"args\":[],\"defaultTo\":null,\"notNullable\":false,\"unsigned\":true},{\"name\":\"role_id\",\"type\":\"integer\",\"args\":[],\"defaultTo\":null,\"notNullable\":false,\"unsigned\":true},{\"name\":\"permission_order\",\"type\":\"double\",\"args\":[],\"defaultTo\":null,\"notNullable\":false,\"unsigned\":true}]},{\"name\":\"up_users_role_links\",\"indexes\":[{\"name\":\"up_users_role_links_fk\",\"columns\":[\"user_id\"]},{\"name\":\"up_users_role_links_inv_fk\",\"columns\":[\"role_id\"]},{\"name\":\"up_users_role_links_unique\",\"columns\":[\"user_id\",\"role_id\"],\"type\":\"unique\"},{\"name\":\"up_users_role_links_order_inv_fk\",\"columns\":[\"user_order\"]}],\"foreignKeys\":[{\"name\":\"up_users_role_links_fk\",\"columns\":[\"user_id\"],\"referencedColumns\":[\"id\"],\"referencedTable\":\"up_users\",\"onDelete\":\"CASCADE\"},{\"name\":\"up_users_role_links_inv_fk\",\"columns\":[\"role_id\"],\"referencedColumns\":[\"id\"],\"referencedTable\":\"up_roles\",\"onDelete\":\"CASCADE\"}],\"columns\":[{\"name\":\"id\",\"type\":\"increments\",\"args\":[{\"primary\":true,\"primaryKey\":true}],\"defaultTo\":null,\"notNullable\":true,\"unsigned\":false},{\"name\":\"user_id\",\"type\":\"integer\",\"args\":[],\"defaultTo\":null,\"notNullable\":false,\"unsigned\":true},{\"name\":\"role_id\",\"type\":\"integer\",\"args\":[],\"defaultTo\":null,\"notNullable\":false,\"unsigned\":true},{\"name\":\"user_order\",\"type\":\"double\",\"args\":[],\"defaultTo\":null,\"notNullable\":false,\"unsigned\":true}]}]}', '2023-07-05 20:06:01', '1ee20fbf9ee95fe132ec9aed479a6027');

-- --------------------------------------------------------

--
-- Table structure for table `strapi_migrations`
--

CREATE TABLE `strapi_migrations` (
  `id` int(10) UNSIGNED NOT NULL,
  `name` varchar(255) DEFAULT NULL,
  `time` datetime DEFAULT NULL
) ENGINE=InnoDB DEFAULT CHARSET=utf8mb4 COLLATE=utf8mb4_general_ci;

-- --------------------------------------------------------

--
-- Table structure for table `strapi_transfer_tokens`
--

CREATE TABLE `strapi_transfer_tokens` (
  `id` int(10) UNSIGNED NOT NULL,
  `name` varchar(255) DEFAULT NULL,
  `description` varchar(255) DEFAULT NULL,
  `access_key` varchar(255) DEFAULT NULL,
  `last_used_at` datetime(6) DEFAULT NULL,
  `expires_at` datetime(6) DEFAULT NULL,
  `lifespan` bigint(20) DEFAULT NULL,
  `created_at` datetime(6) DEFAULT NULL,
  `updated_at` datetime(6) DEFAULT NULL,
  `created_by_id` int(10) UNSIGNED DEFAULT NULL,
  `updated_by_id` int(10) UNSIGNED DEFAULT NULL
) ENGINE=InnoDB DEFAULT CHARSET=utf8mb4 COLLATE=utf8mb4_general_ci;

-- --------------------------------------------------------

--
-- Table structure for table `strapi_transfer_token_permissions`
--

CREATE TABLE `strapi_transfer_token_permissions` (
  `id` int(10) UNSIGNED NOT NULL,
  `action` varchar(255) DEFAULT NULL,
  `created_at` datetime(6) DEFAULT NULL,
  `updated_at` datetime(6) DEFAULT NULL,
  `created_by_id` int(10) UNSIGNED DEFAULT NULL,
  `updated_by_id` int(10) UNSIGNED DEFAULT NULL
) ENGINE=InnoDB DEFAULT CHARSET=utf8mb4 COLLATE=utf8mb4_general_ci;

-- --------------------------------------------------------

--
-- Table structure for table `strapi_transfer_token_permissions_token_links`
--

CREATE TABLE `strapi_transfer_token_permissions_token_links` (
  `id` int(10) UNSIGNED NOT NULL,
  `transfer_token_permission_id` int(10) UNSIGNED DEFAULT NULL,
  `transfer_token_id` int(10) UNSIGNED DEFAULT NULL,
  `transfer_token_permission_order` double UNSIGNED DEFAULT NULL
) ENGINE=InnoDB DEFAULT CHARSET=utf8mb4 COLLATE=utf8mb4_general_ci;

-- --------------------------------------------------------

--
-- Table structure for table `strapi_webhooks`
--

CREATE TABLE `strapi_webhooks` (
  `id` int(10) UNSIGNED NOT NULL,
  `name` varchar(255) DEFAULT NULL,
  `url` longtext DEFAULT NULL,
  `headers` longtext CHARACTER SET utf8mb4 COLLATE utf8mb4_bin DEFAULT NULL CHECK (json_valid(`headers`)),
  `events` longtext CHARACTER SET utf8mb4 COLLATE utf8mb4_bin DEFAULT NULL CHECK (json_valid(`events`)),
  `enabled` tinyint(1) DEFAULT NULL
) ENGINE=InnoDB DEFAULT CHARSET=utf8mb4 COLLATE=utf8mb4_general_ci;

-- --------------------------------------------------------

--
-- Table structure for table `upload_folders`
--

CREATE TABLE `upload_folders` (
  `id` int(10) UNSIGNED NOT NULL,
  `name` varchar(255) DEFAULT NULL,
  `path_id` int(11) DEFAULT NULL,
  `path` varchar(255) DEFAULT NULL,
  `created_at` datetime(6) DEFAULT NULL,
  `updated_at` datetime(6) DEFAULT NULL,
  `created_by_id` int(10) UNSIGNED DEFAULT NULL,
  `updated_by_id` int(10) UNSIGNED DEFAULT NULL
) ENGINE=InnoDB DEFAULT CHARSET=utf8mb4 COLLATE=utf8mb4_general_ci;

-- --------------------------------------------------------

--
-- Table structure for table `upload_folders_parent_links`
--

CREATE TABLE `upload_folders_parent_links` (
  `id` int(10) UNSIGNED NOT NULL,
  `folder_id` int(10) UNSIGNED DEFAULT NULL,
  `inv_folder_id` int(10) UNSIGNED DEFAULT NULL,
  `folder_order` double UNSIGNED DEFAULT NULL
) ENGINE=InnoDB DEFAULT CHARSET=utf8mb4 COLLATE=utf8mb4_general_ci;

-- --------------------------------------------------------

--
-- Table structure for table `up_permissions`
--

CREATE TABLE `up_permissions` (
  `id` int(10) UNSIGNED NOT NULL,
  `action` varchar(255) DEFAULT NULL,
  `created_at` datetime(6) DEFAULT NULL,
  `updated_at` datetime(6) DEFAULT NULL,
  `created_by_id` int(10) UNSIGNED DEFAULT NULL,
  `updated_by_id` int(10) UNSIGNED DEFAULT NULL
) ENGINE=InnoDB DEFAULT CHARSET=utf8mb4 COLLATE=utf8mb4_general_ci;

--
-- Dumping data for table `up_permissions`
--

INSERT INTO `up_permissions` (`id`, `action`, `created_at`, `updated_at`, `created_by_id`, `updated_by_id`) VALUES
(1, 'plugin::users-permissions.user.me', '2023-06-17 15:54:14.885000', '2023-06-17 15:54:14.885000', NULL, NULL),
(2, 'plugin::users-permissions.auth.changePassword', '2023-06-17 15:54:14.885000', '2023-06-17 15:54:14.885000', NULL, NULL),
(3, 'plugin::users-permissions.auth.callback', '2023-06-17 15:54:14.900000', '2023-06-17 15:54:14.900000', NULL, NULL),
(4, 'plugin::users-permissions.auth.connect', '2023-06-17 15:54:14.900000', '2023-06-17 15:54:14.900000', NULL, NULL),
(5, 'plugin::users-permissions.auth.forgotPassword', '2023-06-17 15:54:14.900000', '2023-06-17 15:54:14.900000', NULL, NULL),
(6, 'plugin::users-permissions.auth.resetPassword', '2023-06-17 15:54:14.900000', '2023-06-17 15:54:14.900000', NULL, NULL),
(7, 'plugin::users-permissions.auth.register', '2023-06-17 15:54:14.900000', '2023-06-17 15:54:14.900000', NULL, NULL),
(8, 'plugin::users-permissions.auth.emailConfirmation', '2023-06-17 15:54:14.900000', '2023-06-17 15:54:14.900000', NULL, NULL),
(9, 'plugin::users-permissions.auth.sendEmailConfirmation', '2023-06-17 15:54:14.900000', '2023-06-17 15:54:14.900000', NULL, NULL),
(10, 'api::patient.patient.find', '2023-06-17 16:19:41.785000', '2023-06-17 16:19:41.785000', NULL, NULL),
(29, 'api::patient.patient.find', '2023-06-19 16:56:03.907000', '2023-06-19 16:56:03.907000', NULL, NULL),
(30, 'api::patient.patient.findOne', '2023-06-19 16:56:03.907000', '2023-06-19 16:56:03.907000', NULL, NULL),
(31, 'api::patient.patient.create', '2023-06-19 16:56:03.907000', '2023-06-19 16:56:03.907000', NULL, NULL),
(32, 'api::patient.patient.update', '2023-06-19 16:56:03.907000', '2023-06-19 16:56:03.907000', NULL, NULL),
(33, 'api::patient.patient.delete', '2023-06-19 16:56:03.907000', '2023-06-19 16:56:03.907000', NULL, NULL),
(35, 'api::patient.patient.findOne', '2023-06-24 15:57:49.501000', '2023-06-24 15:57:49.501000', NULL, NULL),
(36, 'api::patient.patient.delete', '2023-06-24 16:48:29.580000', '2023-06-24 16:48:29.580000', NULL, NULL),
(37, 'plugin::users-permissions.auth.changePassword', '2023-06-25 14:42:19.168000', '2023-06-25 14:42:19.168000', NULL, NULL),
(51, 'plugin::users-permissions.user.create', '2023-06-25 15:54:57.705000', '2023-06-25 15:54:57.705000', NULL, NULL),
(52, 'plugin::users-permissions.user.update', '2023-06-25 15:54:57.705000', '2023-06-25 15:54:57.705000', NULL, NULL),
(53, 'plugin::users-permissions.user.find', '2023-06-25 15:54:57.705000', '2023-06-25 15:54:57.705000', NULL, NULL),
(54, 'plugin::users-permissions.user.findOne', '2023-06-25 15:54:57.705000', '2023-06-25 15:54:57.705000', NULL, NULL),
(55, 'plugin::users-permissions.user.count', '2023-06-25 15:54:57.705000', '2023-06-25 15:54:57.705000', NULL, NULL),
(57, 'plugin::users-permissions.user.me', '2023-06-25 15:54:57.705000', '2023-06-25 15:54:57.705000', NULL, NULL),
(59, 'plugin::users-permissions.role.findOne', '2023-06-25 16:05:14.854000', '2023-06-25 16:05:14.854000', NULL, NULL),
(60, 'plugin::users-permissions.role.find', '2023-06-25 16:05:14.854000', '2023-06-25 16:05:14.854000', NULL, NULL),
(61, 'plugin::users-permissions.role.updateRole', '2023-06-25 16:05:14.854000', '2023-06-25 16:05:14.854000', NULL, NULL),
(64, 'plugin::users-permissions.auth.register', '2023-06-25 16:06:44.296000', '2023-06-25 16:06:44.296000', NULL, NULL),
(65, 'api::doctor.doctor.find', '2023-07-01 15:43:36.639000', '2023-07-01 15:43:36.639000', NULL, NULL),
(66, 'api::doctor.doctor.findOne', '2023-07-01 15:43:36.639000', '2023-07-01 15:43:36.639000', NULL, NULL),
(67, 'api::doctor.doctor.create', '2023-07-01 15:43:36.639000', '2023-07-01 15:43:36.639000', NULL, NULL),
(68, 'api::doctor.doctor.update', '2023-07-01 15:43:36.639000', '2023-07-01 15:43:36.639000', NULL, NULL),
(69, 'api::doctor.doctor.delete', '2023-07-01 15:43:36.639000', '2023-07-01 15:43:36.639000', NULL, NULL),
(70, 'api::doctor.doctor.find', '2023-07-02 06:02:21.549000', '2023-07-02 06:02:21.549000', NULL, NULL),
(71, 'api::doctor.doctor.findOne', '2023-07-02 06:02:21.550000', '2023-07-02 06:02:21.550000', NULL, NULL),
(72, 'api::doctor.doctor.create', '2023-07-02 06:02:21.550000', '2023-07-02 06:02:21.550000', NULL, NULL),
(73, 'api::doctor.doctor.update', '2023-07-02 06:02:21.550000', '2023-07-02 06:02:21.550000', NULL, NULL),
(74, 'api::doctor.doctor.delete', '2023-07-02 06:02:21.550000', '2023-07-02 06:02:21.550000', NULL, NULL),
(75, 'api::patient.patient.create', '2023-07-02 19:16:14.054000', '2023-07-02 19:16:14.054000', NULL, NULL),
(76, 'api::patient.patient.update', '2023-07-02 19:17:31.767000', '2023-07-02 19:17:31.767000', NULL, NULL),
(77, 'api::appointment.appointment.find', '2023-07-05 20:07:17.251000', '2023-07-05 20:07:17.251000', NULL, NULL),
(78, 'api::appointment.appointment.findOne', '2023-07-05 20:07:17.251000', '2023-07-05 20:07:17.251000', NULL, NULL),
(79, 'api::appointment.appointment.create', '2023-07-05 20:07:17.251000', '2023-07-05 20:07:17.251000', NULL, NULL),
(80, 'api::appointment.appointment.update', '2023-07-05 20:07:17.251000', '2023-07-05 20:07:17.251000', NULL, NULL),
(81, 'api::appointment.appointment.delete', '2023-07-05 20:07:17.251000', '2023-07-05 20:07:17.251000', NULL, NULL),
(82, 'plugin::users-permissions.user.create', '2023-07-05 20:07:17.251000', '2023-07-05 20:07:17.251000', NULL, NULL),
(83, 'plugin::users-permissions.user.update', '2023-07-05 20:07:17.251000', '2023-07-05 20:07:17.251000', NULL, NULL),
(84, 'plugin::users-permissions.user.destroy', '2023-07-05 20:07:17.251000', '2023-07-05 20:07:17.251000', NULL, NULL),
(85, 'plugin::users-permissions.user.count', '2023-07-05 20:07:17.251000', '2023-07-05 20:07:17.251000', NULL, NULL),
(86, 'plugin::users-permissions.user.findOne', '2023-07-05 20:07:17.251000', '2023-07-05 20:07:17.251000', NULL, NULL),
(87, 'plugin::users-permissions.user.find', '2023-07-05 20:07:17.251000', '2023-07-05 20:07:17.251000', NULL, NULL),
(88, 'api::appointment.appointment.find', '2023-07-05 20:07:55.135000', '2023-07-05 20:07:55.135000', NULL, NULL),
(89, 'api::appointment.appointment.findOne', '2023-07-05 20:07:55.135000', '2023-07-05 20:07:55.135000', NULL, NULL),
(90, 'api::appointment.appointment.create', '2023-07-05 20:07:55.135000', '2023-07-05 20:07:55.135000', NULL, NULL),
(91, 'api::appointment.appointment.update', '2023-07-05 20:07:55.135000', '2023-07-05 20:07:55.135000', NULL, NULL),
(92, 'api::appointment.appointment.delete', '2023-07-05 20:07:55.135000', '2023-07-05 20:07:55.135000', NULL, NULL);

-- --------------------------------------------------------

--
-- Table structure for table `up_permissions_role_links`
--

CREATE TABLE `up_permissions_role_links` (
  `id` int(10) UNSIGNED NOT NULL,
  `permission_id` int(10) UNSIGNED DEFAULT NULL,
  `role_id` int(10) UNSIGNED DEFAULT NULL,
  `permission_order` double UNSIGNED DEFAULT NULL
) ENGINE=InnoDB DEFAULT CHARSET=utf8mb4 COLLATE=utf8mb4_general_ci;

--
-- Dumping data for table `up_permissions_role_links`
--

INSERT INTO `up_permissions_role_links` (`id`, `permission_id`, `role_id`, `permission_order`) VALUES
(1, 2, 1, 1),
(2, 1, 1, 1),
(3, 3, 2, 1),
(4, 4, 2, 1),
(5, 5, 2, 2),
(6, 7, 2, 2),
(7, 8, 2, 2),
(8, 9, 2, 2),
(9, 6, 2, 2),
(10, 10, 2, 3),
(29, 31, 1, 2),
(30, 30, 1, 2),
(31, 29, 1, 2),
(32, 33, 1, 2),
(33, 32, 1, 2),
(35, 35, 2, 4),
(36, 36, 2, 5),
(37, 37, 2, 6),
(52, 53, 2, 7),
(53, 51, 2, 7),
(54, 55, 2, 7),
(55, 52, 2, 7),
(56, 54, 2, 7),
(57, 57, 2, 7),
(58, 60, 2, 8),
(59, 59, 2, 8),
(61, 61, 2, 8),
(64, 64, 1, 3),
(65, 65, 1, 4),
(66, 66, 1, 4),
(67, 69, 1, 4),
(68, 67, 1, 4),
(69, 68, 1, 4),
(70, 71, 2, 9),
(71, 70, 2, 9),
(72, 72, 2, 9),
(73, 73, 2, 9),
(74, 74, 2, 9),
(75, 75, 2, 10),
(76, 76, 2, 11),
(77, 78, 1, 5),
(78, 77, 1, 5),
(79, 79, 1, 5),
(80, 80, 1, 5),
(81, 81, 1, 5),
(82, 82, 1, 5),
(83, 83, 1, 6),
(84, 85, 1, 6),
(85, 84, 1, 6),
(86, 87, 1, 6),
(87, 86, 1, 6),
(88, 89, 2, 12),
(89, 88, 2, 12),
(90, 92, 2, 13),
(91, 91, 2, 13),
(92, 90, 2, 13);

-- --------------------------------------------------------

--
-- Table structure for table `up_roles`
--

CREATE TABLE `up_roles` (
  `id` int(10) UNSIGNED NOT NULL,
  `name` varchar(255) DEFAULT NULL,
  `description` varchar(255) DEFAULT NULL,
  `type` varchar(255) DEFAULT NULL,
  `created_at` datetime(6) DEFAULT NULL,
  `updated_at` datetime(6) DEFAULT NULL,
  `created_by_id` int(10) UNSIGNED DEFAULT NULL,
  `updated_by_id` int(10) UNSIGNED DEFAULT NULL
) ENGINE=InnoDB DEFAULT CHARSET=utf8mb4 COLLATE=utf8mb4_general_ci;

--
-- Dumping data for table `up_roles`
--

INSERT INTO `up_roles` (`id`, `name`, `description`, `type`, `created_at`, `updated_at`, `created_by_id`, `updated_by_id`) VALUES
(1, 'Authenticated', 'Default role given to authenticated user.', 'authenticated', '2023-06-17 15:54:14.868000', '2023-07-05 20:07:17.243000', NULL, NULL),
(2, 'Public', 'Default role given to unauthenticated user.', 'public', '2023-06-17 15:54:14.874000', '2023-07-05 20:07:55.129000', NULL, NULL);

-- --------------------------------------------------------

--
-- Table structure for table `up_users`
--

CREATE TABLE `up_users` (
  `id` int(10) UNSIGNED NOT NULL,
  `username` varchar(255) DEFAULT NULL,
  `email` varchar(255) DEFAULT NULL,
  `provider` varchar(255) DEFAULT NULL,
  `password` varchar(255) DEFAULT NULL,
  `reset_password_token` varchar(255) DEFAULT NULL,
  `confirmation_token` varchar(255) DEFAULT NULL,
  `confirmed` tinyint(1) DEFAULT NULL,
  `blocked` tinyint(1) DEFAULT NULL,
  `created_at` datetime(6) DEFAULT NULL,
  `updated_at` datetime(6) DEFAULT NULL,
  `created_by_id` int(10) UNSIGNED DEFAULT NULL,
  `updated_by_id` int(10) UNSIGNED DEFAULT NULL,
  `usertype` varchar(255) DEFAULT NULL
) ENGINE=InnoDB DEFAULT CHARSET=utf8mb4 COLLATE=utf8mb4_general_ci;

--
-- Dumping data for table `up_users`
--

INSERT INTO `up_users` (`id`, `username`, `email`, `provider`, `password`, `reset_password_token`, `confirmation_token`, `confirmed`, `blocked`, `created_at`, `updated_at`, `created_by_id`, `updated_by_id`, `usertype`) VALUES
(18, 'mr. cc', 'cc@cc.com', 'local', '$2a$10$J4yWFjfi9Pbrv6E1mUaCTeNVWNROLCa.zV9PXOARrYhj71Pt4zSGm', NULL, NULL, 1, 0, '2023-06-30 15:05:35.009000', '2023-06-30 15:05:35.009000', NULL, NULL, 'doctor'),
(37, 'Support', 'qq@qq.com', 'local', '$2a$10$xVzY/KkUQ1KIhWJb.eoC4.9riVghZX65QsWnigGchrCImjrzoXiLu', NULL, NULL, 1, 0, '2023-06-30 21:07:21.357000', '2023-06-30 21:07:21.357000', NULL, NULL, 'patient'),
(38, 'yoshi', 'legendmindyt@gmail.com', 'local', '$2a$10$L2rE5BQPlfFwjI62njuJh.FxzPC.QjIRtH.8WSsEaZ9DyMq116mfW', NULL, NULL, 1, 0, '2023-07-01 23:37:09.380000', '2023-07-01 23:37:09.380000', NULL, NULL, 'patient'),
(41, 'legendmind', 'legend46ames@gmail.com', 'local', '$2a$10$XdnLT3oOSEgL2GyQGcw0lumSGk67/aeDo23HwcPcMhnZsFO3Az7kG', NULL, NULL, 1, 0, '2023-07-02 06:36:08.387000', '2023-07-02 06:36:08.387000', NULL, NULL, 'doctor'),
(42, 'GT Admin', 'spaceisnotnull@gmail.com', 'local', '$2a$10$9iu7X5xeOAvaLiiK7nsZleKndnN9T5X76FVfjfsQK5N6e072v8x72', NULL, NULL, 1, 0, '2023-07-02 06:55:47.398000', '2023-07-02 06:55:47.398000', NULL, NULL, 'doctor'),
(43, 'zip line', 'hassaanalvi47@gmail.com', 'local', '$2a$10$xCELsnzvXZgaS0EEu91t9ud/DR0WPhuzo9GQBC6OOY5m8/3BzKnjS', NULL, NULL, 1, 0, '2023-07-02 22:31:32.354000', '2023-07-02 22:31:32.354000', NULL, NULL, 'patient');

-- --------------------------------------------------------

--
-- Table structure for table `up_users_role_links`
--

CREATE TABLE `up_users_role_links` (
  `id` int(10) UNSIGNED NOT NULL,
  `user_id` int(10) UNSIGNED DEFAULT NULL,
  `role_id` int(10) UNSIGNED DEFAULT NULL,
  `user_order` double UNSIGNED DEFAULT NULL
) ENGINE=InnoDB DEFAULT CHARSET=utf8mb4 COLLATE=utf8mb4_general_ci;

--
-- Dumping data for table `up_users_role_links`
--

INSERT INTO `up_users_role_links` (`id`, `user_id`, `role_id`, `user_order`) VALUES
(18, 18, 1, 1),
(37, 37, 1, 3),
(38, 38, 1, 4),
(41, 41, 1, 5),
(42, 42, 1, 6),
(43, 43, 1, 7);

--
-- Indexes for dumped tables
--

--
-- Indexes for table `admin_permissions`
--
ALTER TABLE `admin_permissions`
  ADD PRIMARY KEY (`id`),
  ADD KEY `admin_permissions_created_by_id_fk` (`created_by_id`),
  ADD KEY `admin_permissions_updated_by_id_fk` (`updated_by_id`);

--
-- Indexes for table `admin_permissions_role_links`
--
ALTER TABLE `admin_permissions_role_links`
  ADD PRIMARY KEY (`id`),
  ADD UNIQUE KEY `admin_permissions_role_links_unique` (`permission_id`,`role_id`),
  ADD KEY `admin_permissions_role_links_fk` (`permission_id`),
  ADD KEY `admin_permissions_role_links_inv_fk` (`role_id`),
  ADD KEY `admin_permissions_role_links_order_inv_fk` (`permission_order`);

--
-- Indexes for table `admin_roles`
--
ALTER TABLE `admin_roles`
  ADD PRIMARY KEY (`id`),
  ADD KEY `admin_roles_created_by_id_fk` (`created_by_id`),
  ADD KEY `admin_roles_updated_by_id_fk` (`updated_by_id`);

--
-- Indexes for table `admin_users`
--
ALTER TABLE `admin_users`
  ADD PRIMARY KEY (`id`),
  ADD KEY `admin_users_created_by_id_fk` (`created_by_id`),
  ADD KEY `admin_users_updated_by_id_fk` (`updated_by_id`);

--
-- Indexes for table `admin_users_roles_links`
--
ALTER TABLE `admin_users_roles_links`
  ADD PRIMARY KEY (`id`),
  ADD UNIQUE KEY `admin_users_roles_links_unique` (`user_id`,`role_id`),
  ADD KEY `admin_users_roles_links_fk` (`user_id`),
  ADD KEY `admin_users_roles_links_inv_fk` (`role_id`),
  ADD KEY `admin_users_roles_links_order_fk` (`role_order`),
  ADD KEY `admin_users_roles_links_order_inv_fk` (`user_order`);

--
-- Indexes for table `appointments`
--
ALTER TABLE `appointments`
  ADD PRIMARY KEY (`id`),
  ADD KEY `appointments_created_by_id_fk` (`created_by_id`),
  ADD KEY `appointments_updated_by_id_fk` (`updated_by_id`);

--
-- Indexes for table `doctors`
--
ALTER TABLE `doctors`
  ADD PRIMARY KEY (`id`),
  ADD KEY `doctors_created_by_id_fk` (`created_by_id`),
  ADD KEY `doctors_updated_by_id_fk` (`updated_by_id`);

--
-- Indexes for table `files`
--
ALTER TABLE `files`
  ADD PRIMARY KEY (`id`),
  ADD KEY `upload_files_folder_path_index` (`folder_path`),
  ADD KEY `upload_files_created_at_index` (`created_at`),
  ADD KEY `upload_files_updated_at_index` (`updated_at`),
  ADD KEY `upload_files_name_index` (`name`),
  ADD KEY `upload_files_size_index` (`size`),
  ADD KEY `upload_files_ext_index` (`ext`),
  ADD KEY `files_created_by_id_fk` (`created_by_id`),
  ADD KEY `files_updated_by_id_fk` (`updated_by_id`);

--
-- Indexes for table `files_folder_links`
--
ALTER TABLE `files_folder_links`
  ADD PRIMARY KEY (`id`),
  ADD UNIQUE KEY `files_folder_links_unique` (`file_id`,`folder_id`),
  ADD KEY `files_folder_links_fk` (`file_id`),
  ADD KEY `files_folder_links_inv_fk` (`folder_id`),
  ADD KEY `files_folder_links_order_inv_fk` (`file_order`);

--
-- Indexes for table `files_related_morphs`
--
ALTER TABLE `files_related_morphs`
  ADD PRIMARY KEY (`id`),
  ADD KEY `files_related_morphs_fk` (`file_id`),
  ADD KEY `files_related_morphs_order_index` (`order`),
  ADD KEY `files_related_morphs_id_column_index` (`related_id`);

--
-- Indexes for table `i18n_locale`
--
ALTER TABLE `i18n_locale`
  ADD PRIMARY KEY (`id`),
  ADD KEY `i18n_locale_created_by_id_fk` (`created_by_id`),
  ADD KEY `i18n_locale_updated_by_id_fk` (`updated_by_id`);

--
-- Indexes for table `patients`
--
ALTER TABLE `patients`
  ADD PRIMARY KEY (`id`),
  ADD KEY `patients_created_by_id_fk` (`created_by_id`),
  ADD KEY `patients_updated_by_id_fk` (`updated_by_id`);

--
-- Indexes for table `strapi_api_tokens`
--
ALTER TABLE `strapi_api_tokens`
  ADD PRIMARY KEY (`id`),
  ADD KEY `strapi_api_tokens_created_by_id_fk` (`created_by_id`),
  ADD KEY `strapi_api_tokens_updated_by_id_fk` (`updated_by_id`);

--
-- Indexes for table `strapi_api_token_permissions`
--
ALTER TABLE `strapi_api_token_permissions`
  ADD PRIMARY KEY (`id`),
  ADD KEY `strapi_api_token_permissions_created_by_id_fk` (`created_by_id`),
  ADD KEY `strapi_api_token_permissions_updated_by_id_fk` (`updated_by_id`);

--
-- Indexes for table `strapi_api_token_permissions_token_links`
--
ALTER TABLE `strapi_api_token_permissions_token_links`
  ADD PRIMARY KEY (`id`),
  ADD UNIQUE KEY `strapi_api_token_permissions_token_links_unique` (`api_token_permission_id`,`api_token_id`),
  ADD KEY `strapi_api_token_permissions_token_links_fk` (`api_token_permission_id`),
  ADD KEY `strapi_api_token_permissions_token_links_inv_fk` (`api_token_id`),
  ADD KEY `strapi_api_token_permissions_token_links_order_inv_fk` (`api_token_permission_order`);

--
-- Indexes for table `strapi_core_store_settings`
--
ALTER TABLE `strapi_core_store_settings`
  ADD PRIMARY KEY (`id`);

--
-- Indexes for table `strapi_database_schema`
--
ALTER TABLE `strapi_database_schema`
  ADD PRIMARY KEY (`id`);

--
-- Indexes for table `strapi_migrations`
--
ALTER TABLE `strapi_migrations`
  ADD PRIMARY KEY (`id`);

--
-- Indexes for table `strapi_transfer_tokens`
--
ALTER TABLE `strapi_transfer_tokens`
  ADD PRIMARY KEY (`id`),
  ADD KEY `strapi_transfer_tokens_created_by_id_fk` (`created_by_id`),
  ADD KEY `strapi_transfer_tokens_updated_by_id_fk` (`updated_by_id`);

--
-- Indexes for table `strapi_transfer_token_permissions`
--
ALTER TABLE `strapi_transfer_token_permissions`
  ADD PRIMARY KEY (`id`),
  ADD KEY `strapi_transfer_token_permissions_created_by_id_fk` (`created_by_id`),
  ADD KEY `strapi_transfer_token_permissions_updated_by_id_fk` (`updated_by_id`);

--
-- Indexes for table `strapi_transfer_token_permissions_token_links`
--
ALTER TABLE `strapi_transfer_token_permissions_token_links`
  ADD PRIMARY KEY (`id`),
  ADD UNIQUE KEY `strapi_transfer_token_permissions_token_links_unique` (`transfer_token_permission_id`,`transfer_token_id`),
  ADD KEY `strapi_transfer_token_permissions_token_links_fk` (`transfer_token_permission_id`),
  ADD KEY `strapi_transfer_token_permissions_token_links_inv_fk` (`transfer_token_id`),
  ADD KEY `strapi_transfer_token_permissions_token_links_order_inv_fk` (`transfer_token_permission_order`);

--
-- Indexes for table `strapi_webhooks`
--
ALTER TABLE `strapi_webhooks`
  ADD PRIMARY KEY (`id`);

--
-- Indexes for table `upload_folders`
--
ALTER TABLE `upload_folders`
  ADD PRIMARY KEY (`id`),
  ADD UNIQUE KEY `upload_folders_path_id_index` (`path_id`),
  ADD UNIQUE KEY `upload_folders_path_index` (`path`),
  ADD KEY `upload_folders_created_by_id_fk` (`created_by_id`),
  ADD KEY `upload_folders_updated_by_id_fk` (`updated_by_id`);

--
-- Indexes for table `upload_folders_parent_links`
--
ALTER TABLE `upload_folders_parent_links`
  ADD PRIMARY KEY (`id`),
  ADD UNIQUE KEY `upload_folders_parent_links_unique` (`folder_id`,`inv_folder_id`),
  ADD KEY `upload_folders_parent_links_fk` (`folder_id`),
  ADD KEY `upload_folders_parent_links_inv_fk` (`inv_folder_id`),
  ADD KEY `upload_folders_parent_links_order_inv_fk` (`folder_order`);

--
-- Indexes for table `up_permissions`
--
ALTER TABLE `up_permissions`
  ADD PRIMARY KEY (`id`),
  ADD KEY `up_permissions_created_by_id_fk` (`created_by_id`),
  ADD KEY `up_permissions_updated_by_id_fk` (`updated_by_id`);

--
-- Indexes for table `up_permissions_role_links`
--
ALTER TABLE `up_permissions_role_links`
  ADD PRIMARY KEY (`id`),
  ADD UNIQUE KEY `up_permissions_role_links_unique` (`permission_id`,`role_id`),
  ADD KEY `up_permissions_role_links_fk` (`permission_id`),
  ADD KEY `up_permissions_role_links_inv_fk` (`role_id`),
  ADD KEY `up_permissions_role_links_order_inv_fk` (`permission_order`);

--
-- Indexes for table `up_roles`
--
ALTER TABLE `up_roles`
  ADD PRIMARY KEY (`id`),
  ADD KEY `up_roles_created_by_id_fk` (`created_by_id`),
  ADD KEY `up_roles_updated_by_id_fk` (`updated_by_id`);

--
-- Indexes for table `up_users`
--
ALTER TABLE `up_users`
  ADD PRIMARY KEY (`id`),
  ADD KEY `up_users_created_by_id_fk` (`created_by_id`),
  ADD KEY `up_users_updated_by_id_fk` (`updated_by_id`);

--
-- Indexes for table `up_users_role_links`
--
ALTER TABLE `up_users_role_links`
  ADD PRIMARY KEY (`id`),
  ADD UNIQUE KEY `up_users_role_links_unique` (`user_id`,`role_id`),
  ADD KEY `up_users_role_links_fk` (`user_id`),
  ADD KEY `up_users_role_links_inv_fk` (`role_id`),
  ADD KEY `up_users_role_links_order_inv_fk` (`user_order`);

--
-- AUTO_INCREMENT for dumped tables
--

--
-- AUTO_INCREMENT for table `admin_permissions`
--
ALTER TABLE `admin_permissions`
  MODIFY `id` int(10) UNSIGNED NOT NULL AUTO_INCREMENT, AUTO_INCREMENT=100;

--
-- AUTO_INCREMENT for table `admin_permissions_role_links`
--
ALTER TABLE `admin_permissions_role_links`
  MODIFY `id` int(10) UNSIGNED NOT NULL AUTO_INCREMENT, AUTO_INCREMENT=100;

--
-- AUTO_INCREMENT for table `admin_roles`
--
ALTER TABLE `admin_roles`
  MODIFY `id` int(10) UNSIGNED NOT NULL AUTO_INCREMENT, AUTO_INCREMENT=4;

--
-- AUTO_INCREMENT for table `admin_users`
--
ALTER TABLE `admin_users`
  MODIFY `id` int(10) UNSIGNED NOT NULL AUTO_INCREMENT, AUTO_INCREMENT=2;

--
-- AUTO_INCREMENT for table `admin_users_roles_links`
--
ALTER TABLE `admin_users_roles_links`
  MODIFY `id` int(10) UNSIGNED NOT NULL AUTO_INCREMENT, AUTO_INCREMENT=2;

--
-- AUTO_INCREMENT for table `appointments`
--
ALTER TABLE `appointments`
  MODIFY `id` int(10) UNSIGNED NOT NULL AUTO_INCREMENT;

--
-- AUTO_INCREMENT for table `doctors`
--
ALTER TABLE `doctors`
  MODIFY `id` int(10) UNSIGNED NOT NULL AUTO_INCREMENT, AUTO_INCREMENT=2;

--
-- AUTO_INCREMENT for table `files`
--
ALTER TABLE `files`
  MODIFY `id` int(10) UNSIGNED NOT NULL AUTO_INCREMENT;

--
-- AUTO_INCREMENT for table `files_folder_links`
--
ALTER TABLE `files_folder_links`
  MODIFY `id` int(10) UNSIGNED NOT NULL AUTO_INCREMENT;

--
-- AUTO_INCREMENT for table `files_related_morphs`
--
ALTER TABLE `files_related_morphs`
  MODIFY `id` int(10) UNSIGNED NOT NULL AUTO_INCREMENT;

--
-- AUTO_INCREMENT for table `i18n_locale`
--
ALTER TABLE `i18n_locale`
  MODIFY `id` int(10) UNSIGNED NOT NULL AUTO_INCREMENT, AUTO_INCREMENT=2;

--
-- AUTO_INCREMENT for table `patients`
--
ALTER TABLE `patients`
  MODIFY `id` int(10) UNSIGNED NOT NULL AUTO_INCREMENT, AUTO_INCREMENT=67;

--
-- AUTO_INCREMENT for table `strapi_api_tokens`
--
ALTER TABLE `strapi_api_tokens`
  MODIFY `id` int(10) UNSIGNED NOT NULL AUTO_INCREMENT, AUTO_INCREMENT=3;

--
-- AUTO_INCREMENT for table `strapi_api_token_permissions`
--
ALTER TABLE `strapi_api_token_permissions`
  MODIFY `id` int(10) UNSIGNED NOT NULL AUTO_INCREMENT;

--
-- AUTO_INCREMENT for table `strapi_api_token_permissions_token_links`
--
ALTER TABLE `strapi_api_token_permissions_token_links`
  MODIFY `id` int(10) UNSIGNED NOT NULL AUTO_INCREMENT;

--
-- AUTO_INCREMENT for table `strapi_core_store_settings`
--
ALTER TABLE `strapi_core_store_settings`
  MODIFY `id` int(10) UNSIGNED NOT NULL AUTO_INCREMENT, AUTO_INCREMENT=27;

--
-- AUTO_INCREMENT for table `strapi_database_schema`
--
ALTER TABLE `strapi_database_schema`
  MODIFY `id` int(10) UNSIGNED NOT NULL AUTO_INCREMENT, AUTO_INCREMENT=12;

--
-- AUTO_INCREMENT for table `strapi_migrations`
--
ALTER TABLE `strapi_migrations`
  MODIFY `id` int(10) UNSIGNED NOT NULL AUTO_INCREMENT;

--
-- AUTO_INCREMENT for table `strapi_transfer_tokens`
--
ALTER TABLE `strapi_transfer_tokens`
  MODIFY `id` int(10) UNSIGNED NOT NULL AUTO_INCREMENT;

--
-- AUTO_INCREMENT for table `strapi_transfer_token_permissions`
--
ALTER TABLE `strapi_transfer_token_permissions`
  MODIFY `id` int(10) UNSIGNED NOT NULL AUTO_INCREMENT;

--
-- AUTO_INCREMENT for table `strapi_transfer_token_permissions_token_links`
--
ALTER TABLE `strapi_transfer_token_permissions_token_links`
  MODIFY `id` int(10) UNSIGNED NOT NULL AUTO_INCREMENT;

--
-- AUTO_INCREMENT for table `strapi_webhooks`
--
ALTER TABLE `strapi_webhooks`
  MODIFY `id` int(10) UNSIGNED NOT NULL AUTO_INCREMENT;

--
-- AUTO_INCREMENT for table `upload_folders`
--
ALTER TABLE `upload_folders`
  MODIFY `id` int(10) UNSIGNED NOT NULL AUTO_INCREMENT;

--
-- AUTO_INCREMENT for table `upload_folders_parent_links`
--
ALTER TABLE `upload_folders_parent_links`
  MODIFY `id` int(10) UNSIGNED NOT NULL AUTO_INCREMENT;

--
-- AUTO_INCREMENT for table `up_permissions`
--
ALTER TABLE `up_permissions`
  MODIFY `id` int(10) UNSIGNED NOT NULL AUTO_INCREMENT, AUTO_INCREMENT=93;

--
-- AUTO_INCREMENT for table `up_permissions_role_links`
--
ALTER TABLE `up_permissions_role_links`
  MODIFY `id` int(10) UNSIGNED NOT NULL AUTO_INCREMENT, AUTO_INCREMENT=93;

--
-- AUTO_INCREMENT for table `up_roles`
--
ALTER TABLE `up_roles`
  MODIFY `id` int(10) UNSIGNED NOT NULL AUTO_INCREMENT, AUTO_INCREMENT=3;

--
-- AUTO_INCREMENT for table `up_users`
--
ALTER TABLE `up_users`
  MODIFY `id` int(10) UNSIGNED NOT NULL AUTO_INCREMENT, AUTO_INCREMENT=44;

--
-- AUTO_INCREMENT for table `up_users_role_links`
--
ALTER TABLE `up_users_role_links`
  MODIFY `id` int(10) UNSIGNED NOT NULL AUTO_INCREMENT, AUTO_INCREMENT=44;

--
-- Constraints for dumped tables
--

--
-- Constraints for table `admin_permissions`
--
ALTER TABLE `admin_permissions`
  ADD CONSTRAINT `admin_permissions_created_by_id_fk` FOREIGN KEY (`created_by_id`) REFERENCES `admin_users` (`id`) ON DELETE SET NULL,
  ADD CONSTRAINT `admin_permissions_updated_by_id_fk` FOREIGN KEY (`updated_by_id`) REFERENCES `admin_users` (`id`) ON DELETE SET NULL;

--
-- Constraints for table `admin_permissions_role_links`
--
ALTER TABLE `admin_permissions_role_links`
  ADD CONSTRAINT `admin_permissions_role_links_fk` FOREIGN KEY (`permission_id`) REFERENCES `admin_permissions` (`id`) ON DELETE CASCADE,
  ADD CONSTRAINT `admin_permissions_role_links_inv_fk` FOREIGN KEY (`role_id`) REFERENCES `admin_roles` (`id`) ON DELETE CASCADE;

--
-- Constraints for table `admin_roles`
--
ALTER TABLE `admin_roles`
  ADD CONSTRAINT `admin_roles_created_by_id_fk` FOREIGN KEY (`created_by_id`) REFERENCES `admin_users` (`id`) ON DELETE SET NULL,
  ADD CONSTRAINT `admin_roles_updated_by_id_fk` FOREIGN KEY (`updated_by_id`) REFERENCES `admin_users` (`id`) ON DELETE SET NULL;

--
-- Constraints for table `admin_users`
--
ALTER TABLE `admin_users`
  ADD CONSTRAINT `admin_users_created_by_id_fk` FOREIGN KEY (`created_by_id`) REFERENCES `admin_users` (`id`) ON DELETE SET NULL,
  ADD CONSTRAINT `admin_users_updated_by_id_fk` FOREIGN KEY (`updated_by_id`) REFERENCES `admin_users` (`id`) ON DELETE SET NULL;

--
-- Constraints for table `admin_users_roles_links`
--
ALTER TABLE `admin_users_roles_links`
  ADD CONSTRAINT `admin_users_roles_links_fk` FOREIGN KEY (`user_id`) REFERENCES `admin_users` (`id`) ON DELETE CASCADE,
  ADD CONSTRAINT `admin_users_roles_links_inv_fk` FOREIGN KEY (`role_id`) REFERENCES `admin_roles` (`id`) ON DELETE CASCADE;

--
-- Constraints for table `appointments`
--
ALTER TABLE `appointments`
  ADD CONSTRAINT `appointments_created_by_id_fk` FOREIGN KEY (`created_by_id`) REFERENCES `admin_users` (`id`) ON DELETE SET NULL,
  ADD CONSTRAINT `appointments_updated_by_id_fk` FOREIGN KEY (`updated_by_id`) REFERENCES `admin_users` (`id`) ON DELETE SET NULL;

--
-- Constraints for table `doctors`
--
ALTER TABLE `doctors`
  ADD CONSTRAINT `doctors_created_by_id_fk` FOREIGN KEY (`created_by_id`) REFERENCES `admin_users` (`id`) ON DELETE SET NULL,
  ADD CONSTRAINT `doctors_updated_by_id_fk` FOREIGN KEY (`updated_by_id`) REFERENCES `admin_users` (`id`) ON DELETE SET NULL;

--
-- Constraints for table `files`
--
ALTER TABLE `files`
  ADD CONSTRAINT `files_created_by_id_fk` FOREIGN KEY (`created_by_id`) REFERENCES `admin_users` (`id`) ON DELETE SET NULL,
  ADD CONSTRAINT `files_updated_by_id_fk` FOREIGN KEY (`updated_by_id`) REFERENCES `admin_users` (`id`) ON DELETE SET NULL;

--
-- Constraints for table `files_folder_links`
--
ALTER TABLE `files_folder_links`
  ADD CONSTRAINT `files_folder_links_fk` FOREIGN KEY (`file_id`) REFERENCES `files` (`id`) ON DELETE CASCADE,
  ADD CONSTRAINT `files_folder_links_inv_fk` FOREIGN KEY (`folder_id`) REFERENCES `upload_folders` (`id`) ON DELETE CASCADE;

--
-- Constraints for table `files_related_morphs`
--
ALTER TABLE `files_related_morphs`
  ADD CONSTRAINT `files_related_morphs_fk` FOREIGN KEY (`file_id`) REFERENCES `files` (`id`) ON DELETE CASCADE;

--
-- Constraints for table `i18n_locale`
--
ALTER TABLE `i18n_locale`
  ADD CONSTRAINT `i18n_locale_created_by_id_fk` FOREIGN KEY (`created_by_id`) REFERENCES `admin_users` (`id`) ON DELETE SET NULL,
  ADD CONSTRAINT `i18n_locale_updated_by_id_fk` FOREIGN KEY (`updated_by_id`) REFERENCES `admin_users` (`id`) ON DELETE SET NULL;

--
-- Constraints for table `patients`
--
ALTER TABLE `patients`
  ADD CONSTRAINT `patients_created_by_id_fk` FOREIGN KEY (`created_by_id`) REFERENCES `admin_users` (`id`) ON DELETE SET NULL,
  ADD CONSTRAINT `patients_updated_by_id_fk` FOREIGN KEY (`updated_by_id`) REFERENCES `admin_users` (`id`) ON DELETE SET NULL;

--
-- Constraints for table `strapi_api_tokens`
--
ALTER TABLE `strapi_api_tokens`
  ADD CONSTRAINT `strapi_api_tokens_created_by_id_fk` FOREIGN KEY (`created_by_id`) REFERENCES `admin_users` (`id`) ON DELETE SET NULL,
  ADD CONSTRAINT `strapi_api_tokens_updated_by_id_fk` FOREIGN KEY (`updated_by_id`) REFERENCES `admin_users` (`id`) ON DELETE SET NULL;

--
-- Constraints for table `strapi_api_token_permissions`
--
ALTER TABLE `strapi_api_token_permissions`
  ADD CONSTRAINT `strapi_api_token_permissions_created_by_id_fk` FOREIGN KEY (`created_by_id`) REFERENCES `admin_users` (`id`) ON DELETE SET NULL,
  ADD CONSTRAINT `strapi_api_token_permissions_updated_by_id_fk` FOREIGN KEY (`updated_by_id`) REFERENCES `admin_users` (`id`) ON DELETE SET NULL;

--
-- Constraints for table `strapi_api_token_permissions_token_links`
--
ALTER TABLE `strapi_api_token_permissions_token_links`
  ADD CONSTRAINT `strapi_api_token_permissions_token_links_fk` FOREIGN KEY (`api_token_permission_id`) REFERENCES `strapi_api_token_permissions` (`id`) ON DELETE CASCADE,
  ADD CONSTRAINT `strapi_api_token_permissions_token_links_inv_fk` FOREIGN KEY (`api_token_id`) REFERENCES `strapi_api_tokens` (`id`) ON DELETE CASCADE;

--
-- Constraints for table `strapi_transfer_tokens`
--
ALTER TABLE `strapi_transfer_tokens`
  ADD CONSTRAINT `strapi_transfer_tokens_created_by_id_fk` FOREIGN KEY (`created_by_id`) REFERENCES `admin_users` (`id`) ON DELETE SET NULL,
  ADD CONSTRAINT `strapi_transfer_tokens_updated_by_id_fk` FOREIGN KEY (`updated_by_id`) REFERENCES `admin_users` (`id`) ON DELETE SET NULL;

--
-- Constraints for table `strapi_transfer_token_permissions`
--
ALTER TABLE `strapi_transfer_token_permissions`
  ADD CONSTRAINT `strapi_transfer_token_permissions_created_by_id_fk` FOREIGN KEY (`created_by_id`) REFERENCES `admin_users` (`id`) ON DELETE SET NULL,
  ADD CONSTRAINT `strapi_transfer_token_permissions_updated_by_id_fk` FOREIGN KEY (`updated_by_id`) REFERENCES `admin_users` (`id`) ON DELETE SET NULL;

--
-- Constraints for table `strapi_transfer_token_permissions_token_links`
--
ALTER TABLE `strapi_transfer_token_permissions_token_links`
  ADD CONSTRAINT `strapi_transfer_token_permissions_token_links_fk` FOREIGN KEY (`transfer_token_permission_id`) REFERENCES `strapi_transfer_token_permissions` (`id`) ON DELETE CASCADE,
  ADD CONSTRAINT `strapi_transfer_token_permissions_token_links_inv_fk` FOREIGN KEY (`transfer_token_id`) REFERENCES `strapi_transfer_tokens` (`id`) ON DELETE CASCADE;

--
-- Constraints for table `upload_folders`
--
ALTER TABLE `upload_folders`
  ADD CONSTRAINT `upload_folders_created_by_id_fk` FOREIGN KEY (`created_by_id`) REFERENCES `admin_users` (`id`) ON DELETE SET NULL,
  ADD CONSTRAINT `upload_folders_updated_by_id_fk` FOREIGN KEY (`updated_by_id`) REFERENCES `admin_users` (`id`) ON DELETE SET NULL;

--
-- Constraints for table `upload_folders_parent_links`
--
ALTER TABLE `upload_folders_parent_links`
  ADD CONSTRAINT `upload_folders_parent_links_fk` FOREIGN KEY (`folder_id`) REFERENCES `upload_folders` (`id`) ON DELETE CASCADE,
  ADD CONSTRAINT `upload_folders_parent_links_inv_fk` FOREIGN KEY (`inv_folder_id`) REFERENCES `upload_folders` (`id`) ON DELETE CASCADE;

--
-- Constraints for table `up_permissions`
--
ALTER TABLE `up_permissions`
  ADD CONSTRAINT `up_permissions_created_by_id_fk` FOREIGN KEY (`created_by_id`) REFERENCES `admin_users` (`id`) ON DELETE SET NULL,
  ADD CONSTRAINT `up_permissions_updated_by_id_fk` FOREIGN KEY (`updated_by_id`) REFERENCES `admin_users` (`id`) ON DELETE SET NULL;

--
-- Constraints for table `up_permissions_role_links`
--
ALTER TABLE `up_permissions_role_links`
  ADD CONSTRAINT `up_permissions_role_links_fk` FOREIGN KEY (`permission_id`) REFERENCES `up_permissions` (`id`) ON DELETE CASCADE,
  ADD CONSTRAINT `up_permissions_role_links_inv_fk` FOREIGN KEY (`role_id`) REFERENCES `up_roles` (`id`) ON DELETE CASCADE;

--
-- Constraints for table `up_roles`
--
ALTER TABLE `up_roles`
  ADD CONSTRAINT `up_roles_created_by_id_fk` FOREIGN KEY (`created_by_id`) REFERENCES `admin_users` (`id`) ON DELETE SET NULL,
  ADD CONSTRAINT `up_roles_updated_by_id_fk` FOREIGN KEY (`updated_by_id`) REFERENCES `admin_users` (`id`) ON DELETE SET NULL;

--
-- Constraints for table `up_users`
--
ALTER TABLE `up_users`
  ADD CONSTRAINT `up_users_created_by_id_fk` FOREIGN KEY (`created_by_id`) REFERENCES `admin_users` (`id`) ON DELETE SET NULL,
  ADD CONSTRAINT `up_users_updated_by_id_fk` FOREIGN KEY (`updated_by_id`) REFERENCES `admin_users` (`id`) ON DELETE SET NULL;

--
-- Constraints for table `up_users_role_links`
--
ALTER TABLE `up_users_role_links`
  ADD CONSTRAINT `up_users_role_links_fk` FOREIGN KEY (`user_id`) REFERENCES `up_users` (`id`) ON DELETE CASCADE,
  ADD CONSTRAINT `up_users_role_links_inv_fk` FOREIGN KEY (`role_id`) REFERENCES `up_roles` (`id`) ON DELETE CASCADE;
COMMIT;

/*!40101 SET CHARACTER_SET_CLIENT=@OLD_CHARACTER_SET_CLIENT */;
/*!40101 SET CHARACTER_SET_RESULTS=@OLD_CHARACTER_SET_RESULTS */;
/*!40101 SET COLLATION_CONNECTION=@OLD_COLLATION_CONNECTION */;
